Gene,Id_1,Id_2,SNPs,Sites,Length,Nuc_identity,Length_identity
*group_715_+_+_group_6390_+_+_Cluster_14458_+_+_Cluster_16708_aligned,DRR103167_+_+_FIKPHPMP_04253_+_+_FIKPHPMP_04254_+_+_CO_F,28137_+_+_GIELEHDJ_02833_+_+_GIELEHDJ_02834_+_+_CO_R,0,0,252,0,0
*group_3171_+_+_group_11292_+_+_Cluster_1777_+_+_Cluster_1989_aligned,IMT17572_+_+_MIBNGNLE_04655_+_+_MIBNGNLE_04656_+_+_CO_F,HP131_+_+_NPNLKGJE_03971_+_+_NPNLKGJE_03972_+_+_CO_R_+_+_R,0,617,646,1,0.955108359133127
*group_1979_+_+_nuoL_2_+_+_Cluster_11045_+_+_Cluster_11354_aligned,SRR8839655_+_+_AOOOBELP_01105_+_+_AOOOBELP_01106_+_+_CO_R,SRR8868852_+_+_IOJABGLP_00204_+_+_IOJABGLP_00205_+_+_CO_R,0,0,406,0,0
*group_1979_+_+_nuoL_2_+_+_Cluster_11354_+_+_Cluster_16525_aligned,SRR8868852_+_+_IOJABGLP_00204_+_+_IOJABGLP_00205_+_+_CO_R,SRR6231921_+_+_PAFHFOIB_00777_+_+_PAFHFOIB_00778_+_+_CO_R,0,0,312,0,0
*group_1979_+_+_nuoL_2_+_+_Cluster_11354_+_+_Cluster_18210_aligned,SRR8868852_+_+_IOJABGLP_00204_+_+_IOJABGLP_00205_+_+_CO_R,SRR6764085_+_+_HCHBLHLA_00107_+_+_HCHBLHLA_00108_+_+_CO_R,0,0,292,0,0
*group_20859_+_+_*group_8377_+_+_Cluster_3050_+_+_Cluster_5980_aligned,SRR8095707_+_+_PHCIIIOI_03869_+_+_PHCIIIOI_03870_+_+_DP,SRR3987534_+_+_OGIJGPJI_03057_+_+_OGIJGPJI_03058_+_+_DP_+_+_R,70,355,532,0.802816901408451,0.667293233082707
*group_3342_+_+_*group_7444_+_+_Cluster_3068_+_+_Cluster_3089_aligned,ERR2124232_+_+_CLMIHDJP_04419_+_+_CLMIHDJP_04420_+_+_DP,SRR9734567_+_+_OBDPFCID_03064_+_+_OBDPFCID_03065_+_+_DP,60,526,527,0.885931558935361,0.998102466793169
*dmlR_5_+_+_*group_3927_+_+_Cluster_6689_+_+_Cluster_8895_aligned,12zCTX_+_+_OFDJONBG_04516_+_+_OFDJONBG_04517_+_+_DP,103764_+_+_IIKADEOC_03930_+_+_IIKADEOC_03931_+_+_DP_+_+_R,0,261,330,1,0.790909090909091
group_7598_+_+_sicP_+_+_Cluster_17645_+_+_Cluster_17657_aligned,ERR2987536_+_+_DFAAHFNO_04690_+_+_DFAAHFNO_04691_+_+_DT,ERR3333606_+_+_MJMMFENO_04338_+_+_MJMMFENO_04339_+_+_DT_+_+_R,14,98,98,0.857142857142857,1
*group_9495_+_+_group_9496_+_+_Cluster_19956_+_+_Cluster_19987_aligned,12zCTX_+_+_OFDJONBG_04135_+_+_OFDJONBG_04136_+_+_CO_R,ERR2987536_+_+_DFAAHFNO_03614_+_+_DFAAHFNO_03615_+_+_CO_R,8,73,73,0.89041095890411,1
*group_4623_+_+_group_8600_+_+_Cluster_1909_+_+_Cluster_2260_aligned,SRR6438329_+_+_CIELOKFD_00886_+_+_CIELOKFD_00887_+_+_CO_R,SRR9066949_+_+_KKDOFLDM_04702_+_+_KKDOFLDM_04703_+_+_CO_R,68,582,641,0.883161512027491,0.90795631825273
*group_9360_+_+_group_9361_+_+_Cluster_18654_+_+_Cluster_18713_aligned,SRR10360576_+_+_ANIJPCCL_04485_+_+_ANIJPCCL_04486_+_+_CO_R,29817_+_+_CFKFKGEM_03542_+_+_CFKFKGEM_03543_+_+_CO_R,9,86,87,0.895348837209302,0.988505747126437
*group_6117_+_+_group_6271_+_+_Cluster_20780_+_+_Cluster_21801_aligned,ERR1656416_+_+_KOBMKJKK_04828_+_+_KOBMKJKK_04829_+_+_CO_F,1553m1_+_+_LKIGEHCJ_05196_+_+_LKIGEHCJ_05197_+_+_CO_F,2,56,65,0.964285714285714,0.861538461538462
*group_1028_+_+_*group_15063_+_+_Cluster_14805_+_+_Cluster_14811_aligned,DRR103054_+_+_BHKMDPPG_01799_+_+_BHKMDPPG_01800_+_+_DP,ERR2987523_+_+_IFFCKNLP_04059_+_+_IFFCKNLP_04060_+_+_DP,32,133,141,0.759398496240602,0.943262411347518
*atoS_+_+_*group_13077_+_+_Cluster_4421_+_+_Cluster_5327_aligned,ERR3330297_+_+_EGPOJMAF_04427_+_+_EGPOJMAF_04428_+_+_DP,SRR6764074_+_+_LLEEEEMD_01978_+_+_LLEEEEMD_01979_+_+_DP,0,387,432,1,0.895833333333333
*group_9554_+_+_group_4106_+_+_Cluster_15603_+_+_Cluster_16642_aligned,SRR5004156_+_+_KMEIKHDO_03685_+_+_KMEIKHDO_03686_+_+_CO_R,12zCTX_+_+_OFDJONBG_04384_+_+_OFDJONBG_04385_+_+_CO_F_+_+_R,4,110,125,0.963636363636364,0.88
*group_9554_+_+_group_4106_+_+_Cluster_15603_+_+_Cluster_16644_aligned,SRR5004156_+_+_KMEIKHDO_03685_+_+_KMEIKHDO_03686_+_+_CO_R,1541m1_+_+_BGBNFDKG_04457_+_+_BGBNFDKG_04458_+_+_CO_R,20,110,125,0.818181818181818,0.88
*group_9554_+_+_group_4106_+_+_Cluster_16642_+_+_Cluster_16644_aligned,12zCTX_+_+_OFDJONBG_04384_+_+_OFDJONBG_04385_+_+_CO_F,1541m1_+_+_BGBNFDKG_04457_+_+_BGBNFDKG_04458_+_+_CO_R_+_+_R,21,110,110,0.809090909090909,1
*group_13119_+_+_group_7162_+_+_Cluster_10952_+_+_Cluster_9274_aligned,SRR4340433_+_+_ABAHDIEJ_04008_+_+_ABAHDIEJ_04009_+_+_CO_F,DRR103167_+_+_FIKPHPMP_04320_+_+_FIKPHPMP_04321_+_+_CO_F,1,208,251,0.995192307692308,0.828685258964143
*group_5089_+_+_group_2437_+_+_Cluster_16691_+_+_Cluster_20577_aligned,SRR9105600_+_+_HEGDILDO_00235_+_+_HEGDILDO_00236_+_+_CO_F,DRR102547_+_+_OPOLMLJM_00570_+_+_OPOLMLJM_00571_+_+_CO_F,5,67,110,0.925373134328358,0.609090909090909
*group_1612_+_+_pgi_+_+_Cluster_5932_+_+_Cluster_8033_aligned,SRR7360579_+_+_MJEJMCGD_04198_+_+_MJEJMCGD_04199_+_+_CO_F,SafeFoodERA_ESBL_097_+_+_GDHMIJMK_00748_+_+_GDHMIJMK_00749_+_+_CO_R_+_+_R,0,287,360,1,0.797222222222222
group_15986_+_+_ompD_3_+_+_Cluster_1867_+_+_Cluster_623_aligned,SRR10107308_+_+_GGJEGIDI_05106_+_+_GGJEGIDI_05107_+_+_DT,SRR5890288_+_+_JEEOIKKH_04311_+_+_JEEOIKKH_04312_+_+_DT_+_+_R,74,631,834,0.882725832012678,0.756594724220623
*group_8185_+_+_*group_8186_+_+_Cluster_7273_+_+_Cluster_7646_aligned,DRR103151_+_+_NKDGIHIM_00197_+_+_NKDGIHIM_00198_+_+_DP,SRR3987912_+_+_IHNIJFCA_01071_+_+_IHNIJFCA_01072_+_+_DP_+_+_R,32,293,316,0.890784982935154,0.927215189873418
*group_9770_+_+_group_5636_+_+_Cluster_2772_+_+_Cluster_2786_aligned,RE15_+_+_MBOAMLJJ_01316_+_+_MBOAMLJJ_01317_+_+_CO_F,SRR3989506_+_+_FJFPKOLI_01442_+_+_FJFPKOLI_01443_+_+_CO_R_+_+_R,55,547,552,0.89945155393053,0.990942028985507
group_3086_+_+_group_3419_+_+_Cluster_21103_+_+_Cluster_22597_aligned,ESBL_Ecoli_2.64_+_+_JJPKJHGA_04152_+_+_JJPKJHGA_04153_+_+_DT,SRR10298226_+_+_PAFMNJLH_04125_+_+_PAFMNJLH_04126_+_+_DT_+_+_R,0,50,62,1,0.806451612903226
group_2237_+_+_group_5889_+_+_Cluster_18705_+_+_Cluster_18753_aligned,111396_+_+_MNCECGFI_00638_+_+_MNCECGFI_00639_+_+_DT,SRR3957089_+_+_MBFHNDHH_04230_+_+_MBFHNDHH_04231_+_+_DT,16,86,86,0.813953488372093,1
*tus_2_+_+_group_10117_+_+_Cluster_6531_+_+_Cluster_7114_aligned,1553m1_+_+_LKIGEHCJ_03911_+_+_LKIGEHCJ_03912_+_+_CO_R,SRR2970284_+_+_AFIBLAHG_02619_+_+_AFIBLAHG_02620_+_+_CO_F_+_+_R,20,316,336,0.936708860759494,0.94047619047619
*group_16993_+_+_group_7891_+_+_Cluster_13176_+_+_Cluster_14579_aligned,Ec1493_+_+_KMKIODCG_04589_+_+_KMKIODCG_04590_+_+_CO_R,SRR2970186_+_+_BGPCFJGD_04521_+_+_BGPCFJGD_04522_+_+_CO_R,1,141,165,0.99290780141844,0.854545454545454
*group_5994_+_+_group_9474_+_+_Cluster_22043_+_+_Cluster_22266_aligned,CE145N_+_+_CKAHODOP_03529_+_+_CKAHODOP_03530_+_+_CO_F,12zCTX_+_+_OFDJONBG_04075_+_+_OFDJONBG_04076_+_+_CO_R_+_+_R,8,52,54,0.846153846153846,0.962962962962963
*group_4318_+_+_group_10877_+_+_Cluster_6081_+_+_Cluster_7636_aligned,28137_+_+_GIELEHDJ_02815_+_+_GIELEHDJ_02816_+_+_CO_R,DRR103054_+_+_BHKMDPPG_04632_+_+_BHKMDPPG_04633_+_+_CO_F_+_+_R,11,291,362,0.962199312714777,0.803867403314917
*group_6160_+_+_*hokA_+_+_Cluster_19391_+_+_Cluster_21140_aligned,ERR1656416_+_+_KOBMKJKK_02303_+_+_KOBMKJKK_02304_+_+_DP,SRR7883782_+_+_HOGCLLCE_02991_+_+_HOGCLLCE_02992_+_+_DP,6,61,80,0.901639344262295,0.7625
*group_21334_+_+_group_28435_+_+_Cluster_1630_+_+_Cluster_1877_aligned,SRR3989588_+_+_BAGPCPAB_03372_+_+_BAGPCPAB_03373_+_+_CO_F,SRR3989506_+_+_FJFPKOLI_02613_+_+_FJFPKOLI_02614_+_+_CO_F,0,632,664,1,0.951807228915663
*fecA_+_+_fecR_+_+_Cluster_18703_+_+_Cluster_19575_aligned,103764_+_+_IIKADEOC_04758_+_+_IIKADEOC_04759_+_+_CO_R,29817_+_+_CFKFKGEM_03932_+_+_CFKFKGEM_03933_+_+_CO_F_+_+_R,0,77,86,1,0.895348837209302
*creD_+_+_creC_+_+_Cluster_19533_+_+_Cluster_21646_aligned,SRR7693501_+_+_FHIBAMFJ_01524_+_+_FHIBAMFJ_01525_+_+_CO_F,103764_+_+_IIKADEOC_01690_+_+_IIKADEOC_01691_+_+_CO_R_+_+_R,0,57,78,1,0.730769230769231
*group_2276_+_+_group_15384_+_+_Cluster_13386_+_+_Cluster_6014_aligned,SRR5187806_+_+_BDIHNJLD_02525_+_+_BDIHNJLD_02526_+_+_CO_F,SRR7940211_+_+_NMBBPFAD_01258_+_+_NMBBPFAD_01259_+_+_CO_R_+_+_R,4,162,357,0.975308641975309,0.453781512605042
*group_6194_+_+_group_9899_+_+_Cluster_17772_+_+_Cluster_18445_aligned,1541m1_+_+_BGBNFDKG_04522_+_+_BGBNFDKG_04523_+_+_CO_F,ERR1656402_+_+_CAOBMANJ_05147_+_+_CAOBMANJ_05148_+_+_CO_F,14,87,98,0.839080459770115,0.887755102040816
*flgB_2_+_+_*group_5956_+_+_Cluster_19168_+_+_Cluster_20049_aligned,CN35ctx_+_+_HKGJLFGK_03978_+_+_HKGJLFGK_03979_+_+_DP,12zCTX_+_+_OFDJONBG_00448_+_+_OFDJONBG_00449_+_+_DP,0,72,81,1,0.888888888888889
*group_6951_+_+_group_12503_+_+_Cluster_19014_+_+_Cluster_21417_aligned,SRR3987498_+_+_GOHPPCMI_02287_+_+_GOHPPCMI_02288_+_+_CO_F,DRR102553_+_+_EKDDAHLM_00602_+_+_EKDDAHLM_00603_+_+_CO_F,2,59,83,0.966101694915254,0.710843373493976
*group_4580_+_+_group_12496_+_+_Cluster_19013_+_+_Cluster_19067_aligned,SRR3987498_+_+_GOHPPCMI_02276_+_+_GOHPPCMI_02277_+_+_CO_F,DRR102553_+_+_EKDDAHLM_00590_+_+_EKDDAHLM_00591_+_+_CO_F,13,82,83,0.841463414634146,0.987951807228916
*group_2289_+_+_group_408_+_+_Cluster_18844_+_+_Cluster_19109_aligned,SRR6039969_+_+_KGNJMJAH_03808_+_+_KGNJMJAH_03809_+_+_CO_R,SRR3466376_+_+_DMMIKIBA_03166_+_+_DMMIKIBA_03167_+_+_CO_R,11,82,85,0.865853658536585,0.964705882352941
*group_4258_+_+_group_3085_+_+_Cluster_13175_+_+_Cluster_14435_aligned,ESBL_Ecoli_2.64_+_+_JJPKJHGA_04156_+_+_JJPKJHGA_04157_+_+_CO_R,SRR3993799_+_+_ALDFGAEI_04404_+_+_ALDFGAEI_04405_+_+_CO_R,38,138,171,0.72463768115942,0.807017543859649
*group_4258_+_+_group_3085_+_+_Cluster_13175_+_+_Cluster_18033_aligned,ESBL_Ecoli_2.64_+_+_JJPKJHGA_04156_+_+_JJPKJHGA_04157_+_+_CO_R,2063_+_+_NCAGIGBJ_04638_+_+_NCAGIGBJ_04639_+_+_CO_F_+_+_R,17,85,173,0.8,0.491329479768786
*group_4258_+_+_group_3085_+_+_Cluster_13175_+_+_Cluster_9515_aligned,ESBL_Ecoli_2.64_+_+_JJPKJHGA_04156_+_+_JJPKJHGA_04157_+_+_CO_R,SRR7940165_+_+_CPAOOGKE_04050_+_+_CPAOOGKE_04051_+_+_CO_F_+_+_R,42,164,246,0.74390243902439,0.666666666666667
*group_4258_+_+_group_3085_+_+_Cluster_14435_+_+_Cluster_18033_aligned,SRR3993799_+_+_ALDFGAEI_04404_+_+_ALDFGAEI_04405_+_+_CO_R,2063_+_+_NCAGIGBJ_04638_+_+_NCAGIGBJ_04639_+_+_CO_F_+_+_R,19,88,149,0.784090909090909,0.590604026845638
*group_4258_+_+_group_3085_+_+_Cluster_14435_+_+_Cluster_9515_aligned,SRR3993799_+_+_ALDFGAEI_04404_+_+_ALDFGAEI_04405_+_+_CO_R,SRR7940165_+_+_CPAOOGKE_04050_+_+_CPAOOGKE_04051_+_+_CO_F_+_+_R,34,141,248,0.75886524822695,0.568548387096774
*group_4258_+_+_group_3085_+_+_Cluster_18033_+_+_Cluster_9515_aligned,2063_+_+_NCAGIGBJ_04638_+_+_NCAGIGBJ_04639_+_+_CO_F,SRR7940165_+_+_CPAOOGKE_04050_+_+_CPAOOGKE_04051_+_+_CO_F,18,85,253,0.788235294117647,0.33596837944664
*araF_+_+_*ftnA_1_+_+_Cluster_774_+_+_Cluster_890_aligned,SRR3466375_+_+_CBAODKCL_00444_+_+_CBAODKCL_00445_+_+_DP,OT_ESBL_0359_+_+_EHDFIJFO_01548_+_+_EHDFIJFO_01549_+_+_DP_+_+_R,0,773,797,1,0.969887076537014
group_10989_+_+_group_10990_+_+_Cluster_20764_+_+_Cluster_20787_aligned,29817_+_+_CFKFKGEM_04490_+_+_CFKFKGEM_04491_+_+_DT,ERR3328943_+_+_OGPLCBEJ_01353_+_+_OGPLCBEJ_01354_+_+_DT_+_+_R,7,65,65,0.892307692307692,1
*flmC_2_+_+_group_4271_+_+_Cluster_15410_+_+_Cluster_6838_aligned,SRR8157249_+_+_GJLNDKDD_05008_+_+_GJLNDKDD_05009_+_+_CO_R,SRR6876312_+_+_GFECFGGG_04616_+_+_GFECFGGG_04617_+_+_CO_F_+_+_R,0,128,325,1,0.393846153846154
*flk_+_+_group_7677_+_+_Cluster_8646_+_+_Cluster_9058_aligned,ERR3329361_+_+_INABDBJO_00336_+_+_INABDBJO_00337_+_+_CO_F,SRR10107330_+_+_PGNFIHGD_04598_+_+_PGNFIHGD_04599_+_+_CO_F,29,257,268,0.88715953307393,0.958955223880597
*group_9691_+_+_group_11909_+_+_Cluster_21800_+_+_Cluster_21812_aligned,142897_+_+_MNGGPBKB_03443_+_+_MNGGPBKB_03444_+_+_CO_R,9162ESCO_+_+_AEJJOOLL_03688_+_+_AEJJOOLL_03689_+_+_CO_F_+_+_R,7,56,56,0.875,1
*group_3277_+_+_group_7072_+_+_Cluster_1878_+_+_Cluster_2212_aligned,SRR6231942_+_+_JNHLPBMJ_04618_+_+_JNHLPBMJ_04619_+_+_CO_F,DRR103113_+_+_FMOOMFLH_04357_+_+_FMOOMFLH_04358_+_+_CO_R_+_+_R,11,597,632,0.981574539363484,0.944620253164557
*group_5019_+_+_group_8177_+_+_Cluster_17749_+_+_Cluster_17837_aligned,SRR9913778_+_+_OCNGLPJI_02174_+_+_OCNGLPJI_02175_+_+_CO_F,SRR8095905_+_+_AEKGIKHF_00407_+_+_AEKGIKHF_00408_+_+_CO_R_+_+_R,14,96,97,0.854166666666667,0.989690721649485
*group_5019_+_+_group_8177_+_+_Cluster_17749_+_+_Cluster_18074_aligned,SRR9913778_+_+_OCNGLPJI_02174_+_+_OCNGLPJI_02175_+_+_CO_F,SRR10258879_+_+_GIOOIOFK_02890_+_+_GIOOIOFK_02891_+_+_CO_R_+_+_R,16,93,97,0.827956989247312,0.958762886597938
*group_5019_+_+_group_8177_+_+_Cluster_17837_+_+_Cluster_18074_aligned,SRR8095905_+_+_AEKGIKHF_00407_+_+_AEKGIKHF_00408_+_+_CO_R,SRR10258879_+_+_GIOOIOFK_02890_+_+_GIOOIOFK_02891_+_+_CO_R,10,93,96,0.89247311827957,0.96875
*group_1028_+_+_*group_12821_+_+_Cluster_14805_+_+_Cluster_14811_aligned,DRR103054_+_+_BHKMDPPG_01799_+_+_BHKMDPPG_01800_+_+_DP,ERR2987523_+_+_IFFCKNLP_04059_+_+_IFFCKNLP_04060_+_+_DP,32,133,141,0.759398496240602,0.943262411347518
*group_1028_+_+_*group_12821_+_+_Cluster_14805_+_+_Cluster_14824_aligned,DRR103054_+_+_BHKMDPPG_01799_+_+_BHKMDPPG_01800_+_+_DP,SRR3931199_+_+_DDGOMHLO_03874_+_+_DDGOMHLO_03875_+_+_DP,26,136,138,0.808823529411765,0.985507246376812
*group_1028_+_+_*group_12821_+_+_Cluster_14811_+_+_Cluster_14824_aligned,ERR2987523_+_+_IFFCKNLP_04059_+_+_IFFCKNLP_04060_+_+_DP,SRR3931199_+_+_DDGOMHLO_03874_+_+_DDGOMHLO_03875_+_+_DP,11,132,142,0.916666666666667,0.929577464788732
*group_9766_+_+_group_5694_+_+_Cluster_7755_+_+_Cluster_7775_aligned,SRR3989506_+_+_FJFPKOLI_01343_+_+_FJFPKOLI_01344_+_+_CO_F,1541m1_+_+_BGBNFDKG_01778_+_+_BGBNFDKG_01779_+_+_CO_R_+_+_R,31,294,295,0.894557823129252,0.996610169491525
*yjcH_+_+_acs_2_+_+_Cluster_11362_+_+_Cluster_15180_aligned,103764_+_+_IIKADEOC_02361_+_+_IIKADEOC_02362_+_+_CO_R,DRR102992_+_+_IMLHJOAB_02551_+_+_IMLHJOAB_02552_+_+_CO_F_+_+_R,0,131,199,1,0.658291457286432
*group_10923_+_+_*group_19533_+_+_Cluster_7058_+_+_Cluster_8263_aligned,SRR9824445_+_+_CCDJGHDM_04959_+_+_CCDJGHDM_04960_+_+_DP,SRR10502058_+_+_OLBLAGHD_03816_+_+_OLBLAGHD_03817_+_+_DP_+_+_R,42,280,318,0.85,0.880503144654088
*nrdB_+_+_nrdA_+_+_Cluster_18505_+_+_Cluster_9985_aligned,103764_+_+_IIKADEOC_01457_+_+_IIKADEOC_01458_+_+_CO_F,SRR6373495_+_+_JNKEHMHH_00846_+_+_JNKEHMHH_00847_+_+_CO_R_+_+_R,38,88,233,0.568181818181818,0.377682403433476
*group_12210_+_+_guaA_+_+_Cluster_11684_+_+_Cluster_11721_aligned,SRR2970186_+_+_BGPCFJGD_01451_+_+_BGPCFJGD_01452_+_+_CO_R,ERR2193922_+_+_NHCBIGIK_00996_+_+_NHCBIGIK_00997_+_+_CO_F_+_+_R,33,191,194,0.827225130890052,0.984536082474227
*mscS_+_+_fbaA_+_+_Cluster_11856_+_+_Cluster_5992_aligned,SRR3972555_+_+_JIHMFOFG_02354_+_+_JIHMFOFG_02355_+_+_CO_R,103764_+_+_IIKADEOC_00019_+_+_IIKADEOC_00020_+_+_CO_F_+_+_R,4,190,357,0.978947368421053,0.532212885154062
*group_3086_+_+_group_12854_+_+_Cluster_14934_+_+_Cluster_15010_aligned,CE701N_+_+_CJBJAEPD_04102_+_+_CJBJAEPD_04103_+_+_CO_F,30372_+_+_DJDDELHJ_04311_+_+_DJDDELHJ_04312_+_+_CO_F,19,134,135,0.858208955223881,0.992592592592593
group_1846_+_+_group_4460_+_+_Cluster_1971_+_+_Cluster_2456_aligned,SRR8095707_+_+_PHCIIIOI_04609_+_+_PHCIIIOI_04610_+_+_DT,SRR5459141_+_+_DHDCJABO_02119_+_+_DHDCJABO_02120_+_+_DT_+_+_R,46,570,628,0.919298245614035,0.907643312101911
group_1846_+_+_group_4460_+_+_Cluster_1971_+_+_Cluster_3707_aligned,SRR8095707_+_+_PHCIIIOI_04609_+_+_PHCIIIOI_04610_+_+_DT,IMT17572_+_+_MIBNGNLE_02812_+_+_MIBNGNLE_02813_+_+_DT,43,461,640,0.906724511930586,0.7203125
group_1846_+_+_group_4460_+_+_Cluster_2456_+_+_Cluster_3707_aligned,SRR5459141_+_+_DHDCJABO_02119_+_+_DHDCJABO_02120_+_+_DT,IMT17572_+_+_MIBNGNLE_02812_+_+_MIBNGNLE_02813_+_+_DT_+_+_R,61,461,594,0.867678958785249,0.776094276094276
*group_3101_+_+_*group_6449_+_+_Cluster_18463_+_+_Cluster_20305_aligned,SRR10049720_+_+_NAGLEGCE_03899_+_+_NAGLEGCE_03900_+_+_DP,SRR3977094_+_+_BELNEBGD_04817_+_+_BELNEBGD_04818_+_+_DP,6,70,89,0.914285714285714,0.786516853932584
*cspJ_+_+_group_4117_+_+_Cluster_5847_+_+_Cluster_6498_aligned,12zCTX_+_+_OFDJONBG_04626_+_+_OFDJONBG_04627_+_+_CO_R,SRR9913823_+_+_INIPIMBJ_04692_+_+_INIPIMBJ_04693_+_+_CO_F_+_+_R,5,338,363,0.985207100591716,0.931129476584022
*group_4640_+_+_group_12207_+_+_Cluster_16127_+_+_Cluster_16132_aligned,CFL3ctx_+_+_LJFDHKLG_00979_+_+_LJFDHKLG_00980_+_+_CO_R,ERR1656403_+_+_CGMADDKM_05193_+_+_CGMADDKM_05194_+_+_CO_R,13,117,117,0.888888888888889,1
*group_4640_+_+_group_12207_+_+_Cluster_16127_+_+_Cluster_16153_aligned,CFL3ctx_+_+_LJFDHKLG_00979_+_+_LJFDHKLG_00980_+_+_CO_R,SRR1177189_+_+_KNDFACIO_00898_+_+_KNDFACIO_00899_+_+_CO_F_+_+_R,12,117,117,0.897435897435897,1
*group_4640_+_+_group_12207_+_+_Cluster_16132_+_+_Cluster_16153_aligned,ERR1656403_+_+_CGMADDKM_05193_+_+_CGMADDKM_05194_+_+_CO_R,SRR1177189_+_+_KNDFACIO_00898_+_+_KNDFACIO_00899_+_+_CO_F_+_+_R,17,117,117,0.854700854700855,1
*group_6248_+_+_tus_2_+_+_Cluster_12914_+_+_Cluster_13909_aligned,SRR9913803_+_+_PHJAPACN_03973_+_+_PHJAPACN_03974_+_+_CO_R,2063_+_+_NCAGIGBJ_04296_+_+_NCAGIGBJ_04297_+_+_CO_F_+_+_R,0,152,170,1,0.894117647058824
*group_24303_+_+_group_15849_+_+_Cluster_17641_+_+_Cluster_17846_aligned,ERR2124239_+_+_EFNLGFPN_03941_+_+_EFNLGFPN_03942_+_+_CO_F,SafeFoodERA_ESBL_582_+_+_MFLFHEDK_01999_+_+_MFLFHEDK_02000_+_+_CO_R_+_+_R,10,96,98,0.895833333333333,0.979591836734694
*group_8422_+_+_group_733_+_+_Cluster_5887_+_+_Cluster_6413_aligned,SRR3987979_+_+_GNLJFGFB_00352_+_+_GNLJFGFB_00353_+_+_CO_F,SRR6219715_+_+_FONHONKA_01814_+_+_FONHONKA_01815_+_+_CO_F,29,327,377,0.91131498470948,0.86737400530504
group_8746_+_+_xseA_2_+_+_Cluster_20539_+_+_Cluster_21499_aligned,SS_5_E11_+_+_GEPIAKNC_04764_+_+_GEPIAKNC_04765_+_+_DT,SS_5_H2_+_+_DEKEJCIM_04928_+_+_DEKEJCIM_04929_+_+_DT,5,59,68,0.915254237288136,0.867647058823529
*hdeB_+_+_hdeA_+_+_Cluster_16300_+_+_Cluster_17194_aligned,SRR4294822_+_+_LBMBDNAI_01485_+_+_LBMBDNAI_01486_+_+_CO_R,103764_+_+_IIKADEOC_03555_+_+_IIKADEOC_03556_+_+_CO_F_+_+_R,0,103,115,1,0.895652173913044
*group_5347_+_+_glpC_+_+_Cluster_11656_+_+_Cluster_11747_aligned,103764_+_+_IIKADEOC_01466_+_+_IIKADEOC_01467_+_+_CO_F,SRR6373495_+_+_JNKEHMHH_00837_+_+_JNKEHMHH_00838_+_+_CO_R_+_+_R,23,192,193,0.880208333333333,0.994818652849741
*group_11417_+_+_*group_6643_+_+_Cluster_3307_+_+_Cluster_3333_aligned,SRR10357563_+_+_DELJFPMO_04271_+_+_DELJFPMO_04272_+_+_DP,32153_+_+_AOEHAGJG_04112_+_+_AOEHAGJG_04113_+_+_DP_+_+_R,97,505,509,0.807920792079208,0.992141453831041
group_15756_+_+_group_733_+_+_Cluster_511_+_+_Cluster_922_aligned,SRR3972844_+_+_KCOHHAPP_02907_+_+_KCOHHAPP_02908_+_+_DT,ERR3329258_+_+_CJDLBMHB_00162_+_+_CJDLBMHB_00163_+_+_DT_+_+_R,80,744,879,0.89247311827957,0.84641638225256
*aroP_+_+_*pdhR_2_+_+_Cluster_2852_+_+_Cluster_5688_aligned,103764_+_+_IIKADEOC_01298_+_+_IIKADEOC_01299_+_+_DP,OT_ESBL_0359_+_+_EHDFIJFO_00918_+_+_EHDFIJFO_00919_+_+_DP,1,370,543,0.997297297297297,0.681399631675875
group_4002_+_+_group_9195_+_+_Cluster_12592_+_+_Cluster_2974_aligned,103764_+_+_IIKADEOC_04772_+_+_IIKADEOC_04773_+_+_DT,SRR3465476_+_+_DBEDBMIP_01196_+_+_DBEDBMIP_01197_+_+_DT,0,175,534,1,0.327715355805243
*group_2560_+_+_group_8635_+_+_Cluster_13298_+_+_Cluster_13598_aligned,DRR103054_+_+_BHKMDPPG_01793_+_+_BHKMDPPG_01794_+_+_CO_R,SRR7130336_+_+_LKJJKLBE_02256_+_+_LKJJKLBE_02257_+_+_CO_F_+_+_R,16,156,165,0.897435897435897,0.945454545454545
*group_3338_+_+_pspF_2_+_+_Cluster_21559_+_+_Cluster_21755_aligned,ERR2027622_+_+_CFBMFONH_04650_+_+_CFBMFONH_04651_+_+_CO_R,SRR7499269_+_+_GCONEJOD_04573_+_+_GCONEJOD_04574_+_+_CO_F_+_+_R,9,57,58,0.842105263157895,0.982758620689655
*group_4280_+_+_group_10623_+_+_Cluster_20007_+_+_Cluster_20347_aligned,SRR10325511_+_+_HCFDOPGE_04346_+_+_HCFDOPGE_04347_+_+_CO_F,2078_+_+_FAHHEDAO_03809_+_+_FAHHEDAO_03810_+_+_CO_R_+_+_R,7,69,73,0.898550724637681,0.945205479452055
*group_12199_+_+_group_8051_+_+_Cluster_17068_+_+_Cluster_18050_aligned,SRR6121985_+_+_LNMABIHH_01244_+_+_LNMABIHH_01245_+_+_CO_R,ERR2205997_+_+_MENMJABI_00752_+_+_MENMJABI_00753_+_+_CO_R,2,93,105,0.978494623655914,0.885714285714286
*group_3508_+_+_proX_+_+_Cluster_11800_+_+_Cluster_7890_aligned,SRR10049353_+_+_PLFEGAOG_00673_+_+_PLFEGAOG_00674_+_+_CO_R,103764_+_+_IIKADEOC_00273_+_+_IIKADEOC_00274_+_+_CO_R,0,191,290,1,0.658620689655172
group_1931_+_+_group_8287_+_+_Cluster_20404_+_+_Cluster_21226_aligned,SRR10152561_+_+_PFELHAGI_04980_+_+_PFELHAGI_04981_+_+_DT,SRR3050911_+_+_EJFKMGKM_04707_+_+_EJFKMGKM_04708_+_+_DT_+_+_R,3,61,69,0.950819672131147,0.884057971014493
*group_24961_+_+_group_4317_+_+_Cluster_7005_+_+_Cluster_7223_aligned,CE701N_+_+_CJBJAEPD_03815_+_+_CJBJAEPD_03816_+_+_CO_R,28137_+_+_GIELEHDJ_02680_+_+_GIELEHDJ_02681_+_+_CO_R,27,307,324,0.912052117263844,0.947530864197531
*group_4599_+_+_*group_5064_+_+_Cluster_11348_+_+_Cluster_11750_aligned,SRR6764074_+_+_LLEEEEMD_04442_+_+_LLEEEEMD_04443_+_+_DP,SRR7693678_+_+_DBAINPDD_04823_+_+_DBAINPDD_04824_+_+_CO_R,18,188,204,0.904255319148936,0.92156862745098
*group_21634_+_+_group_5086_+_+_Cluster_18275_+_+_Cluster_18284_aligned,SRR10049353_+_+_PLFEGAOG_03412_+_+_PLFEGAOG_03413_+_+_CO_R,SRR4294821_+_+_EBMDKNLM_01079_+_+_EBMDKNLM_01080_+_+_CO_F_+_+_R,13,91,91,0.857142857142857,1
*group_21286_+_+_group_3909_+_+_Cluster_13718_+_+_Cluster_14470_aligned,1541m1_+_+_BGBNFDKG_01780_+_+_BGBNFDKG_01781_+_+_CO_R,SRR3989506_+_+_FJFPKOLI_01341_+_+_FJFPKOLI_01342_+_+_CO_F_+_+_R,20,143,155,0.86013986013986,0.92258064516129
*group_5642_+_+_group_8000_+_+_Cluster_16003_+_+_Cluster_18907_aligned,SRR3989506_+_+_FJFPKOLI_01414_+_+_FJFPKOLI_01415_+_+_CO_F,RE15_+_+_MBOAMLJJ_01380_+_+_MBOAMLJJ_01381_+_+_CO_R_+_+_R,7,84,119,0.916666666666667,0.705882352941177
*group_16999_+_+_group_19733_+_+_Cluster_18552_+_+_Cluster_20009_aligned,Ec1493_+_+_KMKIODCG_04599_+_+_KMKIODCG_04600_+_+_CO_F,SRR2970186_+_+_BGPCFJGD_04531_+_+_BGPCFJGD_04532_+_+_CO_F,14,54,107,0.740740740740741,0.504672897196262
*group_6415_+_+_group_10576_+_+_Cluster_2305_+_+_Cluster_599_aligned,SRR7940165_+_+_CPAOOGKE_04047_+_+_CPAOOGKE_04048_+_+_CO_R,SRR6724040_+_+_HBEOLHFJ_04533_+_+_HBEOLHFJ_04534_+_+_CO_F_+_+_R,115,586,840,0.803754266211604,0.697619047619048
*group_20395_+_+_group_20394_+_+_Cluster_14481_+_+_Cluster_14583_aligned,SRR8095905_+_+_AEKGIKHF_04133_+_+_AEKGIKHF_04134_+_+_CO_F,SRR3951497_+_+_DEKCFHGI_04539_+_+_DEKCFHGI_04540_+_+_CO_F,17,141,143,0.879432624113475,0.986013986013986
*group_9341_+_+_intS_1_+_+_Cluster_10060_+_+_Cluster_12866_aligned,111396_+_+_MNCECGFI_04376_+_+_MNCECGFI_04377_+_+_CO_F,SRR9048651_+_+_GNHCKFLG_00834_+_+_GNHCKFLG_00835_+_+_CO_F,0,171,230,1,0.743478260869565
*group_1077_+_+_group_3229_+_+_Cluster_14152_+_+_Cluster_14154_aligned,CN35ctx_+_+_HKGJLFGK_01443_+_+_HKGJLFGK_01444_+_+_CO_F,DRR103113_+_+_FMOOMFLH_04683_+_+_FMOOMFLH_04684_+_+_CO_R_+_+_R,21,148,148,0.858108108108108,1
*group_1077_+_+_group_3229_+_+_Cluster_14152_+_+_Cluster_14192_aligned,CN35ctx_+_+_HKGJLFGK_01443_+_+_HKGJLFGK_01444_+_+_CO_F,SRR9965262_+_+_MGCJPLNJ_03630_+_+_MGCJPLNJ_03631_+_+_CO_F,17,148,148,0.885135135135135,1
*group_1077_+_+_group_3229_+_+_Cluster_14152_+_+_Cluster_14294_aligned,CN35ctx_+_+_HKGJLFGK_01443_+_+_HKGJLFGK_01444_+_+_CO_F,SRR1269417_+_+_LGGJFDIO_04105_+_+_LGGJFDIO_04106_+_+_CO_R_+_+_R,21,146,148,0.856164383561644,0.986486486486487
*group_1077_+_+_group_3229_+_+_Cluster_14154_+_+_Cluster_14192_aligned,DRR103113_+_+_FMOOMFLH_04683_+_+_FMOOMFLH_04684_+_+_CO_R,SRR9965262_+_+_MGCJPLNJ_03630_+_+_MGCJPLNJ_03631_+_+_CO_F_+_+_R,22,148,148,0.851351351351351,1
*group_1077_+_+_group_3229_+_+_Cluster_14154_+_+_Cluster_14294_aligned,DRR103113_+_+_FMOOMFLH_04683_+_+_FMOOMFLH_04684_+_+_CO_R,SRR1269417_+_+_LGGJFDIO_04105_+_+_LGGJFDIO_04106_+_+_CO_R,15,146,148,0.897260273972603,0.986486486486487
*group_1077_+_+_group_3229_+_+_Cluster_14192_+_+_Cluster_14294_aligned,SRR9965262_+_+_MGCJPLNJ_03630_+_+_MGCJPLNJ_03631_+_+_CO_F,SRR1269417_+_+_LGGJFDIO_04105_+_+_LGGJFDIO_04106_+_+_CO_R_+_+_R,13,146,148,0.910958904109589,0.986486486486487
*group_11076_+_+_group_11075_+_+_Cluster_4152_+_+_Cluster_4967_aligned,30372_+_+_DJDDELHJ_04309_+_+_DJDDELHJ_04310_+_+_CO_F,SRR785679_+_+_BEFGBELO_03990_+_+_BEFGBELO_03991_+_+_CO_R_+_+_R,2,404,448,0.995049504950495,0.901785714285714
*group_19528_+_+_group_8217_+_+_Cluster_4480_+_+_Cluster_4825_aligned,SRR10502058_+_+_OLBLAGHD_01099_+_+_OLBLAGHD_01100_+_+_CO_F,SRR8868852_+_+_IOJABGLP_03747_+_+_IOJABGLP_03748_+_+_CO_R_+_+_R,7,403,437,0.982630272952854,0.922196796338673
blc_2_+_+_group_4182_+_+_Cluster_13655_+_+_Cluster_13719_aligned,SRR7940169_+_+_MHMPKFNP_00155_+_+_MHMPKFNP_00156_+_+_DT,1541m1_+_+_BGBNFDKG_03562_+_+_BGBNFDKG_03563_+_+_DT_+_+_R,14,155,157,0.909677419354839,0.987261146496815
*group_5031_+_+_group_2555_+_+_Cluster_11082_+_+_Cluster_15153_aligned,SRR10502058_+_+_OLBLAGHD_01102_+_+_OLBLAGHD_01103_+_+_CO_F,SRR7866002_+_+_MANHAOEJ_04257_+_+_MANHAOEJ_04258_+_+_CO_R_+_+_R,22,131,206,0.83206106870229,0.635922330097087
*group_12596_+_+_group_6978_+_+_Cluster_7935_+_+_Cluster_7958_aligned,DRR102992_+_+_IMLHJOAB_03051_+_+_IMLHJOAB_03052_+_+_CO_F,SRR4263664_+_+_MPHBCHEF_04272_+_+_MPHBCHEF_04273_+_+_CO_R_+_+_R,34,289,289,0.882352941176471,1
*group_7970_+_+_group_16717_+_+_Cluster_19159_+_+_Cluster_19450_aligned,30372_+_+_DJDDELHJ_04323_+_+_DJDDELHJ_04324_+_+_CO_R,SS_3_G3_+_+_LEEOFKMG_03979_+_+_LEEOFKMG_03980_+_+_CO_R,10,77,83,0.87012987012987,0.927710843373494
*group_9460_+_+_group_3284_+_+_Cluster_2207_+_+_Cluster_2925_aligned,SRR3972934_+_+_ELAFOLDP_00257_+_+_ELAFOLDP_00258_+_+_CO_R,142661_+_+_FALKLPJN_01539_+_+_FALKLPJN_01540_+_+_CO_R,85,508,627,0.832677165354331,0.810207336523126
*group_15469_+_+_group_15468_+_+_Cluster_18049_+_+_Cluster_18054_aligned,ERR2124239_+_+_EFNLGFPN_03163_+_+_EFNLGFPN_03164_+_+_CO_R,ERR3328477_+_+_EAEODNEF_03379_+_+_EAEODNEF_03380_+_+_CO_F_+_+_R,10,93,93,0.89247311827957,1
*group_11113_+_+_mbeA_2_+_+_Cluster_17409_+_+_Cluster_17484_aligned,SRR10258879_+_+_GIOOIOFK_04482_+_+_GIOOIOFK_04483_+_+_CO_R,ERR2205972_+_+_NOBPPFIB_04793_+_+_NOBPPFIB_04794_+_+_CO_R,13,100,101,0.87,0.99009900990099
*group_5566_+_+_*ycgR_+_+_Cluster_11311_+_+_Cluster_15669_aligned,103764_+_+_IIKADEOC_03041_+_+_IIKADEOC_03042_+_+_DP,SRR8050353_+_+_FPKDLEFB_03985_+_+_FPKDLEFB_03986_+_+_DP_+_+_R,0,124,200,1,0.62
*group_4089_+_+_group_2281_+_+_Cluster_6141_+_+_Cluster_7480_aligned,ERR2987536_+_+_DFAAHFNO_04153_+_+_DFAAHFNO_04154_+_+_CO_R,12zCTX_+_+_OFDJONBG_03646_+_+_OFDJONBG_03647_+_+_CO_F_+_+_R,31,293,363,0.89419795221843,0.807162534435262
*sstT_+_+_alx_+_+_Cluster_1939_+_+_Cluster_2471_aligned,SRR9066949_+_+_KKDOFLDM_01585_+_+_KKDOFLDM_01586_+_+_CO_F,2078_+_+_FAHHEDAO_01824_+_+_FAHHEDAO_01825_+_+_CO_F,3,574,626,0.994773519163763,0.916932907348243
*sstT_+_+_alx_+_+_Cluster_1939_+_+_Cluster_3692_aligned,SRR9066949_+_+_KKDOFLDM_01585_+_+_KKDOFLDM_01586_+_+_CO_F,ERR2019258_+_+_ELKFCMEA_02339_+_+_ELKFCMEA_02340_+_+_CO_F,0,480,626,1,0.766773162939297
*sstT_+_+_alx_+_+_Cluster_1939_+_+_Cluster_5077_aligned,SRR9066949_+_+_KKDOFLDM_01585_+_+_KKDOFLDM_01586_+_+_CO_F,DRR103038_+_+_CJDHNEII_03392_+_+_CJDHNEII_03393_+_+_CO_R_+_+_R,93,383,641,0.757180156657963,0.597503900156006
*sstT_+_+_alx_+_+_Cluster_2471_+_+_Cluster_3692_aligned,2078_+_+_FAHHEDAO_01824_+_+_FAHHEDAO_01825_+_+_CO_F,ERR2019258_+_+_ELKFCMEA_02339_+_+_ELKFCMEA_02340_+_+_CO_F,0,480,574,1,0.836236933797909
*sstT_+_+_alx_+_+_Cluster_2471_+_+_Cluster_5077_aligned,2078_+_+_FAHHEDAO_01824_+_+_FAHHEDAO_01825_+_+_CO_F,DRR103038_+_+_CJDHNEII_03392_+_+_CJDHNEII_03393_+_+_CO_R_+_+_R,93,383,589,0.757180156657963,0.650254668930391
*sstT_+_+_alx_+_+_Cluster_3692_+_+_Cluster_5077_aligned,ERR2019258_+_+_ELKFCMEA_02339_+_+_ELKFCMEA_02340_+_+_CO_F,DRR103038_+_+_CJDHNEII_03392_+_+_CJDHNEII_03393_+_+_CO_R_+_+_R,98,378,500,0.740740740740741,0.756
*fadI_+_+_group_5530_+_+_Cluster_12355_+_+_Cluster_12836_aligned,29184_+_+_PEBDEKLL_02216_+_+_PEBDEKLL_02217_+_+_CO_F,ERR3333594_+_+_AGALELOF_03507_+_+_AGALELOF_03508_+_+_CO_F,9,171,180,0.947368421052632,0.95
*group_9619_+_+_group_2281_+_+_Cluster_3971_+_+_Cluster_5230_aligned,SRR7543308_+_+_GNMONJFI_03435_+_+_GNMONJFI_03436_+_+_CO_R,ERR1656402_+_+_CAOBMANJ_03450_+_+_CAOBMANJ_03451_+_+_CO_F_+_+_R,77,383,469,0.798955613577023,0.816631130063966
*group_11772_+_+_group_6736_+_+_Cluster_7413_+_+_Cluster_9180_aligned,4381_+_+_PNDJKMPC_04731_+_+_PNDJKMPC_04732_+_+_CO_F,SRR6121983_+_+_HHFGLKGN_00532_+_+_HHFGLKGN_00533_+_+_CO_F,39,253,307,0.845849802371542,0.824104234527687
*group_11772_+_+_group_6736_+_+_Cluster_7413_+_+_Cluster_9252_aligned,4381_+_+_PNDJKMPC_04731_+_+_PNDJKMPC_04732_+_+_CO_F,SRR6683918_+_+_OMLEMBND_01846_+_+_OMLEMBND_01847_+_+_CO_R_+_+_R,11,251,307,0.956175298804781,0.817589576547231
*group_11772_+_+_group_6736_+_+_Cluster_9180_+_+_Cluster_9252_aligned,SRR6121983_+_+_HHFGLKGN_00532_+_+_HHFGLKGN_00533_+_+_CO_F,SRR6683918_+_+_OMLEMBND_01846_+_+_OMLEMBND_01847_+_+_CO_R_+_+_R,20,243,263,0.917695473251029,0.923954372623574
group_5304_+_+_yrdA_1_+_+_Cluster_16009_+_+_Cluster_18786_aligned,SRR6238424_+_+_PJMFAFKJ_02199_+_+_PJMFAFKJ_02200_+_+_DT,103764_+_+_IIKADEOC_01225_+_+_IIKADEOC_01226_+_+_DT_+_+_R,18,85,119,0.788235294117647,0.714285714285714
*group_2335_+_+_group_10896_+_+_Cluster_3112_+_+_Cluster_3921_aligned,SRR1181552_+_+_IHDCBPPN_03926_+_+_IHDCBPPN_03927_+_+_CO_F,ESBL20150330_+_+_MCMGJGEP_04469_+_+_MCMGJGEP_04470_+_+_CO_F,77,460,528,0.832608695652174,0.871212121212121
*group_14245_+_+_group_6031_+_+_Cluster_20893_+_+_Cluster_22432_aligned,IMT20106_+_+_EGOCBPJA_02662_+_+_EGOCBPJA_02663_+_+_CO_F,ERR1656410_+_+_HBIIEELM_03019_+_+_HBIIEELM_03020_+_+_CO_F,3,51,64,0.941176470588235,0.796875
group_1846_+_+_group_4753_+_+_Cluster_1971_+_+_Cluster_3707_aligned,SRR8095707_+_+_PHCIIIOI_04609_+_+_PHCIIIOI_04610_+_+_DT,IMT17572_+_+_MIBNGNLE_02812_+_+_MIBNGNLE_02813_+_+_DT,43,461,640,0.906724511930586,0.7203125
group_1846_+_+_group_4753_+_+_Cluster_1971_+_+_Cluster_5001_aligned,SRR8095707_+_+_PHCIIIOI_04609_+_+_PHCIIIOI_04610_+_+_DT,SRR5187806_+_+_BDIHNJLD_00789_+_+_BDIHNJLD_00790_+_+_DT_+_+_R,33,401,623,0.917705735660848,0.643659711075441
group_1846_+_+_group_4753_+_+_Cluster_3707_+_+_Cluster_5001_aligned,IMT17572_+_+_MIBNGNLE_02812_+_+_MIBNGNLE_02813_+_+_DT,SRR5187806_+_+_BDIHNJLD_00789_+_+_BDIHNJLD_00790_+_+_DT_+_+_R,89,400,481,0.7775,0.831600831600832
*group_3167_+_+_*tonB_+_+_Cluster_22029_+_+_Cluster_22079_aligned,28137_+_+_GIELEHDJ_01580_+_+_GIELEHDJ_01581_+_+_DP,SRR10298226_+_+_PAFMNJLH_04417_+_+_PAFMNJLH_04418_+_+_DP,6,54,54,0.888888888888889,1
*group_8331_+_+_group_8330_+_+_Cluster_9899_+_+_Cluster_9906_aligned,SRR3951497_+_+_DEKCFHGI_04442_+_+_DEKCFHGI_04443_+_+_CO_F,SRR8095905_+_+_AEKGIKHF_04113_+_+_AEKGIKHF_04114_+_+_CO_F,35,235,235,0.851063829787234,1
*nrdB_2_+_+_nrdA_2_+_+_Cluster_16880_+_+_Cluster_17511_aligned,ERR2987523_+_+_IFFCKNLP_02640_+_+_IFFCKNLP_02641_+_+_CO_F,SRR8095680_+_+_PCGCPPEP_02475_+_+_PCGCPPEP_02476_+_+_CO_F,4,100,107,0.96,0.934579439252336
*group_8414_+_+_group_25178_+_+_Cluster_2198_+_+_Cluster_5174_aligned,SRR7896464_+_+_MDBMIANO_00309_+_+_MDBMIANO_00310_+_+_CO_F,SRR8095426_+_+_PFKMCPPD_01960_+_+_PFKMCPPD_01961_+_+_CO_F,0,394,599,1,0.657762938230384
*group_15273_+_+_group_9423_+_+_Cluster_11314_+_+_Cluster_11325_aligned,12zCTX_+_+_OFDJONBG_01836_+_+_OFDJONBG_01837_+_+_CO_R,ERR2987536_+_+_DFAAHFNO_04822_+_+_DFAAHFNO_04823_+_+_CO_F_+_+_R,22,200,200,0.89,1
*cybC_+_+_pmbA_+_+_Cluster_12204_+_+_Cluster_22035_aligned,ERR2987536_+_+_DFAAHFNO_00412_+_+_DFAAHFNO_00413_+_+_CO_R,32068_+_+_BNPHIHJI_03986_+_+_BNPHIHJI_03987_+_+_CO_F_+_+_R,7,54,183,0.87037037037037,0.295081967213115
*parD1_+_+_group_29421_+_+_Cluster_9198_+_+_Cluster_9565_aligned,103764_+_+_IIKADEOC_03127_+_+_IIKADEOC_03128_+_+_CO_F,DRR103028_+_+_JPAEHKML_03301_+_+_JPAEHKML_03302_+_+_CO_F,15,240,256,0.9375,0.9375
*group_18731_+_+_group_18730_+_+_Cluster_2356_+_+_Cluster_2647_aligned,SRR10107323_+_+_OOONMHHC_04753_+_+_OOONMHHC_04754_+_+_CO_F,SRR7940165_+_+_CPAOOGKE_04146_+_+_CPAOOGKE_04147_+_+_CO_R_+_+_R,0,561,584,1,0.960616438356164
group_19241_+_+_group_19242_+_+_Cluster_6734_+_+_Cluster_8844_aligned,SRR3993799_+_+_ALDFGAEI_04431_+_+_ALDFGAEI_04432_+_+_DT,SRR10325511_+_+_HCFDOPGE_04336_+_+_HCFDOPGE_04337_+_+_DT,1,263,329,0.996197718631179,0.799392097264438
*group_5080_+_+_group_4827_+_+_Cluster_16092_+_+_Cluster_18575_aligned,SRR7084884_+_+_HGIFGEHB_04585_+_+_HGIFGEHB_04586_+_+_CO_R,SRR4260153_+_+_MBEDNMIG_04730_+_+_MBEDNMIG_04731_+_+_CO_R,0,88,118,1,0.745762711864407
*group_2789_+_+_group_5634_+_+_Cluster_17366_+_+_Cluster_17415_aligned,103764_+_+_IIKADEOC_03518_+_+_IIKADEOC_03519_+_+_CO_F,SRR3989506_+_+_FJFPKOLI_01445_+_+_FJFPKOLI_01446_+_+_CO_R_+_+_R,14,101,101,0.861386138613861,1
*group_11747_+_+_group_11748_+_+_Cluster_14587_+_+_Cluster_14618_aligned,SRR4301123_+_+_PPBHHDID_01276_+_+_PPBHHDID_01277_+_+_CO_R,4381_+_+_PNDJKMPC_04501_+_+_PNDJKMPC_04502_+_+_CO_R,16,140,141,0.885714285714286,0.99290780141844
*group_1829_+_+_group_1806_+_+_Cluster_15774_+_+_Cluster_17807_aligned,SRR10298226_+_+_PAFMNJLH_03591_+_+_PAFMNJLH_03592_+_+_CO_F,SRR10072308_+_+_CFNFJLGI_00994_+_+_CFNFJLGI_00995_+_+_CO_R_+_+_R,1,96,122,0.989583333333333,0.786885245901639
*group_559_+_+_group_2975_+_+_Cluster_12899_+_+_Cluster_13593_aligned,SRR3987689_+_+_PKCFCNGA_03546_+_+_PKCFCNGA_03547_+_+_CO_F,SRR3977094_+_+_BELNEBGD_04353_+_+_BELNEBGD_04354_+_+_CO_R_+_+_R,20,157,171,0.872611464968153,0.91812865497076
*group_559_+_+_group_2975_+_+_Cluster_9322_+_+_Cluster_9593_aligned,IMT20106_+_+_EGOCBPJA_02587_+_+_EGOCBPJA_02588_+_+_CO_R,SRR8095565_+_+_MAOOGOPJ_04352_+_+_MAOOGOPJ_04353_+_+_CO_R,43,241,252,0.821576763485477,0.956349206349206
*group_7315_+_+_*noc_1_+_+_Cluster_19078_+_+_Cluster_20860_aligned,ERR2124239_+_+_EFNLGFPN_03131_+_+_EFNLGFPN_03132_+_+_DP,1541m1_+_+_BGBNFDKG_04510_+_+_BGBNFDKG_04511_+_+_DP,8,64,82,0.875,0.780487804878049
*group_2444_+_+_group_12497_+_+_Cluster_16491_+_+_Cluster_16513_aligned,DRR102553_+_+_EKDDAHLM_00592_+_+_EKDDAHLM_00593_+_+_CO_F,SRR2970157_+_+_BHMDLLMB_03524_+_+_BHMDLLMB_03525_+_+_CO_F,14,112,112,0.875,1
*group_2341_+_+_group_1793_+_+_Cluster_16977_+_+_Cluster_18333_aligned,SRR10186998_+_+_JDJHAGKM_03994_+_+_JDJHAGKM_03995_+_+_CO_R,2063_+_+_NCAGIGBJ_04608_+_+_NCAGIGBJ_04609_+_+_CO_F_+_+_R,1,90,106,0.988888888888889,0.849056603773585
*group_2341_+_+_group_1793_+_+_Cluster_16977_+_+_Cluster_19918_aligned,SRR10186998_+_+_JDJHAGKM_03994_+_+_JDJHAGKM_03995_+_+_CO_R,SRR6412375_+_+_MCJHAAGC_04201_+_+_MCJHAAGC_04202_+_+_CO_F_+_+_R,1,74,106,0.986486486486487,0.69811320754717
*group_2341_+_+_group_1793_+_+_Cluster_18333_+_+_Cluster_19918_aligned,2063_+_+_NCAGIGBJ_04608_+_+_NCAGIGBJ_04609_+_+_CO_F,SRR6412375_+_+_MCJHAAGC_04201_+_+_MCJHAAGC_04202_+_+_CO_F,1,74,90,0.986486486486487,0.822222222222222
*group_10612_+_+_group_10611_+_+_Cluster_19110_+_+_Cluster_21623_aligned,SRR3957089_+_+_MBFHNDHH_04143_+_+_MBFHNDHH_04144_+_+_CO_R,SRR8381451_+_+_NKADCJHO_04387_+_+_NKADCJHO_04388_+_+_CO_F_+_+_R,0,58,82,1,0.707317073170732
*group_6730_+_+_group_21654_+_+_Cluster_1139_+_+_Cluster_4653_aligned,SRR4294822_+_+_LBMBDNAI_01544_+_+_LBMBDNAI_01545_+_+_CO_F,SRR4301123_+_+_PPBHHDID_01278_+_+_PPBHHDID_01279_+_+_CO_R_+_+_R,45,345,805,0.869565217391304,0.428571428571429
group_6635_+_+_group_8209_+_+_Cluster_4113_+_+_Cluster_4503_aligned,SRR9648216_+_+_MHGICKMG_03079_+_+_MHGICKMG_03080_+_+_DT,SRR1177189_+_+_KNDFACIO_03458_+_+_KNDFACIO_03459_+_+_DT,8,428,451,0.981308411214953,0.9490022172949
*group_6066_+_+_group_6067_+_+_Cluster_17769_+_+_Cluster_17977_aligned,12zCTX_+_+_OFDJONBG_05040_+_+_OFDJONBG_05041_+_+_CO_R,ERR2987536_+_+_DFAAHFNO_04789_+_+_DFAAHFNO_04790_+_+_CO_R,9,94,96,0.904255319148936,0.979166666666667
*rraA_+_+_menA_+_+_Cluster_16929_+_+_Cluster_18143_aligned,SS_2_G2_+_+_OOIHAILH_03289_+_+_OOIHAILH_03290_+_+_CO_F,103764_+_+_IIKADEOC_04300_+_+_IIKADEOC_04301_+_+_CO_F,0,92,107,1,0.85981308411215
group_28435_+_+_wecH_2_+_+_Cluster_3587_+_+_Cluster_5315_aligned,DRR103054_+_+_BHKMDPPG_04393_+_+_BHKMDPPG_04394_+_+_DT,DRR103261_+_+_AIODBDMJ_03994_+_+_AIODBDMJ_03995_+_+_DT_+_+_R,33,386,488,0.914507772020725,0.790983606557377
*group_465_+_+_group_18909_+_+_Cluster_12459_+_+_Cluster_17377_aligned,SRR10186409_+_+_IKIFKKMB_00025_+_+_IKIFKKMB_00026_+_+_CO_F,28137_+_+_GIELEHDJ_02795_+_+_GIELEHDJ_02796_+_+_CO_R_+_+_R,4,100,179,0.96,0.558659217877095
*group_6457_+_+_*klcA_3_+_+_Cluster_4743_+_+_Cluster_4789_aligned,SRR10258879_+_+_GIOOIOFK_04061_+_+_GIOOIOFK_04062_+_+_DP,26497_+_+_PKGFDFFO_04470_+_+_PKGFDFFO_04471_+_+_DP_+_+_R,38,411,416,0.907542579075426,0.987980769230769
*group_2516_+_+_*group_3450_+_+_Cluster_662_+_+_Cluster_833_aligned,SRR7130336_+_+_LKJJKLBE_01389_+_+_LKJJKLBE_01390_+_+_DP,SRR10107323_+_+_OOONMHHC_01726_+_+_OOONMHHC_01727_+_+_DP_+_+_R,101,752,854,0.865691489361702,0.88056206088993
*group_3225_+_+_group_12208_+_+_Cluster_13804_+_+_Cluster_13849_aligned,ERR2193922_+_+_NHCBIGIK_01005_+_+_NHCBIGIK_01006_+_+_CO_R,EK2.29_+_+_PPONKHGF_01294_+_+_PPONKHGF_01295_+_+_CO_F_+_+_R,15,153,154,0.901960784313726,0.993506493506494
*group_1189_+_+_group_4278_+_+_Cluster_4151_+_+_Cluster_8524_aligned,2078_+_+_FAHHEDAO_03794_+_+_FAHHEDAO_03795_+_+_CO_F,SRR8157249_+_+_GJLNDKDD_04674_+_+_GJLNDKDD_04675_+_+_CO_F,85,268,452,0.682835820895522,0.592920353982301
*group_1189_+_+_group_4278_+_+_Cluster_6336_+_+_Cluster_8524_aligned,SRR6876312_+_+_GFECFGGG_04492_+_+_GFECFGGG_04493_+_+_CO_R,SRR8157249_+_+_GJLNDKDD_04674_+_+_GJLNDKDD_04675_+_+_CO_F_+_+_R,95,239,378,0.602510460251046,0.632275132275132
*group_4314_+_+_*yciI_+_+_Cluster_1329_+_+_Cluster_1691_aligned,SRR9049544_+_+_JDHBFGPP_01851_+_+_JDHBFGPP_01852_+_+_DP,IMT17572_+_+_MIBNGNLE_02814_+_+_MIBNGNLE_02815_+_+_DP,66,654,703,0.899082568807339,0.930298719772404
*group_4314_+_+_*yciI_+_+_Cluster_499_+_+_Cluster_874_aligned,SRR7789472_+_+_HDACACCC_02624_+_+_HDACACCC_02625_+_+_DP,28137_+_+_GIELEHDJ_01592_+_+_GIELEHDJ_01593_+_+_DP,75,769,866,0.902470741222367,0.887990762124711
*group_4314_+_+_*yciI_+_+_Cluster_499_+_+_Cluster_883_aligned,SRR7789472_+_+_HDACACCC_02624_+_+_HDACACCC_02625_+_+_DP,SRR3987979_+_+_GNLJFGFB_00672_+_+_GNLJFGFB_00673_+_+_DP,60,772,862,0.922279792746114,0.895591647331787
*group_4314_+_+_*yciI_+_+_Cluster_874_+_+_Cluster_883_aligned,28137_+_+_GIELEHDJ_01592_+_+_GIELEHDJ_01593_+_+_DP,SRR3987979_+_+_GNLJFGFB_00672_+_+_GNLJFGFB_00673_+_+_DP,82,750,801,0.890666666666667,0.936329588014981
*group_2292_+_+_group_962_+_+_Cluster_20582_+_+_Cluster_20655_aligned,ERR2019093_+_+_HJLAKMIA_03476_+_+_HJLAKMIA_03477_+_+_CO_R,12zCTX_+_+_OFDJONBG_04419_+_+_OFDJONBG_04420_+_+_CO_R,11,66,67,0.833333333333333,0.985074626865672
*group_2292_+_+_group_962_+_+_Cluster_20582_+_+_Cluster_20660_aligned,ERR2019093_+_+_HJLAKMIA_03476_+_+_HJLAKMIA_03477_+_+_CO_R,28137_+_+_GIELEHDJ_03635_+_+_GIELEHDJ_03636_+_+_CO_F_+_+_R,6,66,67,0.909090909090909,0.985074626865672
*group_2292_+_+_group_962_+_+_Cluster_20655_+_+_Cluster_20660_aligned,12zCTX_+_+_OFDJONBG_04419_+_+_OFDJONBG_04420_+_+_CO_R,28137_+_+_GIELEHDJ_03635_+_+_GIELEHDJ_03636_+_+_CO_F_+_+_R,10,66,66,0.848484848484849,1
*group_7894_+_+_group_7893_+_+_Cluster_17320_+_+_Cluster_19498_aligned,SRR2970186_+_+_BGPCFJGD_04524_+_+_BGPCFJGD_04525_+_+_CO_F,Ec1493_+_+_KMKIODCG_04592_+_+_KMKIODCG_04593_+_+_CO_F,2,78,102,0.974358974358974,0.764705882352941
*group_1503_+_+_group_3460_+_+_Cluster_18924_+_+_Cluster_19007_aligned,SRR3136837_+_+_MGLDLJCF_01793_+_+_MGLDLJCF_01794_+_+_CO_R,SRR10502058_+_+_OLBLAGHD_01103_+_+_OLBLAGHD_01104_+_+_CO_F_+_+_R,17,63,104,0.73015873015873,0.605769230769231
*group_8058_+_+_group_4410_+_+_Cluster_13071_+_+_Cluster_6047_aligned,SRR3989769_+_+_GBINJFEE_03858_+_+_GBINJFEE_03859_+_+_CO_R,SRR8838499_+_+_PBDGCHHE_04434_+_+_PBDGCHHE_04435_+_+_CO_F_+_+_R,0,167,356,1,0.469101123595506
*group_2343_+_+_group_10570_+_+_Cluster_2704_+_+_Cluster_391_aligned,HOS48_+_+_AFJFDPBJ_04067_+_+_AFJFDPBJ_04068_+_+_CO_F,SRR785679_+_+_BEFGBELO_03982_+_+_BEFGBELO_03983_+_+_CO_F,25,555,894,0.954954954954955,0.620805369127517
*group_1197_+_+_group_1829_+_+_Cluster_13220_+_+_Cluster_13598_aligned,4381_+_+_PNDJKMPC_01844_+_+_PNDJKMPC_01845_+_+_CO_R,SRR7130336_+_+_LKJJKLBE_02256_+_+_LKJJKLBE_02257_+_+_CO_F_+_+_R,25,156,166,0.83974358974359,0.939759036144578
*group_15627_+_+_group_2969_+_+_Cluster_18300_+_+_Cluster_19601_aligned,SRR8095893_+_+_MHJJIMJJ_01736_+_+_MHJJIMJJ_01737_+_+_CO_F,ERR3329074_+_+_CAFIDHLH_00585_+_+_CAFIDHLH_00586_+_+_CO_R_+_+_R,0,77,91,1,0.846153846153846
*group_4253_+_+_dctD_+_+_Cluster_5345_+_+_Cluster_6166_aligned,SRR10325511_+_+_HCFDOPGE_00754_+_+_HCFDOPGE_00755_+_+_CO_F,Eco1211_+_+_GCMHFGDH_03664_+_+_GCMHFGDH_03665_+_+_CO_F,2,351,386,0.994301994301994,0.909326424870466
*group_4253_+_+_dctD_+_+_Cluster_5345_+_+_Cluster_6709_aligned,SRR10325511_+_+_HCFDOPGE_00754_+_+_HCFDOPGE_00755_+_+_CO_F,SRR10267810_+_+_KJFAACHO_01361_+_+_KJFAACHO_01362_+_+_CO_F,2,330,386,0.993939393939394,0.854922279792746
*group_4253_+_+_dctD_+_+_Cluster_6166_+_+_Cluster_6709_aligned,Eco1211_+_+_GCMHFGDH_03664_+_+_GCMHFGDH_03665_+_+_CO_F,SRR10267810_+_+_KJFAACHO_01361_+_+_KJFAACHO_01362_+_+_CO_F,0,330,351,1,0.94017094017094
*group_4435_+_+_group_4434_+_+_Cluster_7195_+_+_Cluster_7889_aligned,CE145N_+_+_CKAHODOP_03491_+_+_CKAHODOP_03492_+_+_CO_F,Vlees_ESBL_2014_1504_+_+_KBCPAJBH_03290_+_+_KBCPAJBH_03291_+_+_CO_R_+_+_R,50,285,319,0.824561403508772,0.893416927899687
*thyA2_+_+_group_4749_+_+_Cluster_12835_+_+_Cluster_12908_aligned,ERR2124239_+_+_EFNLGFPN_03175_+_+_EFNLGFPN_03176_+_+_CO_R,SRR8095680_+_+_PCGCPPEP_02477_+_+_PCGCPPEP_02478_+_+_CO_F_+_+_R,18,170,171,0.894117647058824,0.994152046783626
*thyA2_+_+_group_4749_+_+_Cluster_12835_+_+_Cluster_13525_aligned,ERR2124239_+_+_EFNLGFPN_03175_+_+_EFNLGFPN_03176_+_+_CO_R,SRR10040058_+_+_LLLCOCKP_03778_+_+_LLLCOCKP_03779_+_+_CO_R,20,159,171,0.874213836477987,0.929824561403509
*thyA2_+_+_group_4749_+_+_Cluster_12908_+_+_Cluster_13525_aligned,SRR8095680_+_+_PCGCPPEP_02477_+_+_PCGCPPEP_02478_+_+_CO_F,SRR10040058_+_+_LLLCOCKP_03778_+_+_LLLCOCKP_03779_+_+_CO_R_+_+_R,17,159,170,0.893081761006289,0.935294117647059
*group_715_+_+_group_3013_+_+_Cluster_14458_+_+_Cluster_16708_aligned,DRR103167_+_+_FIKPHPMP_04253_+_+_FIKPHPMP_04254_+_+_CO_F,28137_+_+_GIELEHDJ_02833_+_+_GIELEHDJ_02834_+_+_CO_R,0,0,252,0,0
*group_10157_+_+_group_6261_+_+_Cluster_20861_+_+_Cluster_20937_aligned,1553m1_+_+_LKIGEHCJ_04310_+_+_LKIGEHCJ_04311_+_+_CO_F,TZ124_+_+_CFPCPJIC_04457_+_+_CFPCPJIC_04458_+_+_CO_F,9,64,64,0.859375,1
*yggP_2_+_+_sorM_+_+_Cluster_22504_+_+_Cluster_22506_aligned,SS_5_B4_+_+_BBIFDKKG_04666_+_+_BBIFDKKG_04667_+_+_CO_R,SS_5_E11_+_+_GEPIAKNC_04590_+_+_GEPIAKNC_04591_+_+_CO_F_+_+_R,6,51,51,0.882352941176471,1
*group_2330_+_+_*group_6034_+_+_Cluster_20068_+_+_Cluster_21277_aligned,CN35ctx_+_+_HKGJLFGK_03256_+_+_HKGJLFGK_03257_+_+_DP,1657m1_+_+_HLJJNOIB_02755_+_+_HLJJNOIB_02756_+_+_DP,1,60,72,0.983333333333333,0.833333333333333
*group_1851_+_+_group_7953_+_+_Cluster_19292_+_+_Cluster_19305_aligned,ERR1656403_+_+_CGMADDKM_04722_+_+_CGMADDKM_04723_+_+_CO_R,Liv89_+_+_EGJGBHGJ_04871_+_+_EGJGBHGJ_04872_+_+_CO_R,10,80,80,0.875,1
*group_2276_+_+_group_7112_+_+_Cluster_7320_+_+_Cluster_9104_aligned,SRR3977094_+_+_BELNEBGD_04581_+_+_BELNEBGD_04582_+_+_CO_R,SRR8172608_+_+_KBAALOOG_02384_+_+_KBAALOOG_02385_+_+_CO_F_+_+_R,25,255,310,0.901960784313726,0.82258064516129
*group_4223_+_+_group_10416_+_+_Cluster_21920_+_+_Cluster_21948_aligned,20098_+_+_PCEOLAHD_02549_+_+_PCEOLAHD_02550_+_+_CO_F,ERR3330583_+_+_INIANADH_02564_+_+_INIANADH_02565_+_+_CO_R_+_+_R,6,55,55,0.890909090909091,1
*group_3224_+_+_group_2428_+_+_Cluster_15821_+_+_Cluster_7390_aligned,DRR103261_+_+_AIODBDMJ_04501_+_+_AIODBDMJ_04502_+_+_CO_F,DRR103113_+_+_FMOOMFLH_00091_+_+_FMOOMFLH_00092_+_+_CO_F,13,121,307,0.892561983471074,0.39413680781759
*ybbJ_2_+_+_qmcA_2_+_+_Cluster_21144_+_+_Cluster_5606_aligned,SRR8381451_+_+_NKADCJHO_04407_+_+_NKADCJHO_04408_+_+_CO_F,2078_+_+_FAHHEDAO_03749_+_+_FAHHEDAO_03750_+_+_CO_F,5,62,373,0.919354838709677,0.166219839142091
group_4906_+_+_yjiA_+_+_Cluster_20492_+_+_Cluster_21476_aligned,ERR3333606_+_+_MJMMFENO_03149_+_+_MJMMFENO_03150_+_+_DT,SRR6438329_+_+_CIELOKFD_04687_+_+_CIELOKFD_04688_+_+_DT_+_+_R,0,59,68,1,0.867647058823529
cca_+_+_uppP_+_+_Cluster_12299_+_+_Cluster_13347_aligned,32068_+_+_BNPHIHJI_02767_+_+_BNPHIHJI_02768_+_+_DT,103764_+_+_IIKADEOC_02576_+_+_IIKADEOC_02577_+_+_DT,0,0,343,0,0
*ugd_+_+_rfbC_+_+_Cluster_12354_+_+_Cluster_12369_aligned,26497_+_+_PKGFDFFO_04503_+_+_PKGFDFFO_04504_+_+_CO_R,IMT24109_+_+_ANDCFCIJ_04714_+_+_ANDCFCIJ_04715_+_+_CO_F_+_+_R,25,180,180,0.861111111111111,1
serA_+_+_ygfA_+_+_Cluster_5295_+_+_Cluster_847_aligned,ERR3328943_+_+_OGPLCBEJ_02652_+_+_OGPLCBEJ_02653_+_+_DT,103764_+_+_IIKADEOC_00031_+_+_IIKADEOC_00032_+_+_DT_+_+_R,0,388,780,1,0.497435897435897
*group_3365_+_+_group_8309_+_+_Cluster_22331_+_+_Cluster_22479_aligned,SRR3657449_+_+_ELPHKKAA_03760_+_+_ELPHKKAA_03761_+_+_CO_R,SRR4260153_+_+_MBEDNMIG_04150_+_+_MBEDNMIG_04151_+_+_CO_F_+_+_R,8,51,52,0.843137254901961,0.980769230769231
hybG_+_+_yghU_+_+_Cluster_10044_+_+_Cluster_15717_aligned,SRR3987568_+_+_GGJBKIAE_03393_+_+_GGJBKIAE_03394_+_+_DT,SRR6231942_+_+_JNHLPBMJ_01128_+_+_JNHLPBMJ_01129_+_+_DT,3,122,232,0.975409836065574,0.525862068965517
pepN_+_+_ssuB_+_+_Cluster_11004_+_+_Cluster_17745_aligned,103764_+_+_IIKADEOC_00808_+_+_IIKADEOC_00809_+_+_DT,SRR8095722_+_+_COFKIKKI_01893_+_+_COFKIKKI_01894_+_+_DT_+_+_R,0,97,206,1,0.470873786407767
*group_10034_+_+_group_10035_+_+_Cluster_18328_+_+_Cluster_19315_aligned,1553m1_+_+_LKIGEHCJ_03317_+_+_LKIGEHCJ_03318_+_+_CO_R,SRR2970284_+_+_AFIBLAHG_02580_+_+_AFIBLAHG_02581_+_+_CO_F_+_+_R,0,80,90,1,0.888888888888889
*group_6846_+_+_group_11756_+_+_Cluster_3176_+_+_Cluster_4572_aligned,CE701N_+_+_CJBJAEPD_00159_+_+_CJBJAEPD_00160_+_+_CO_R,SRR4294822_+_+_LBMBDNAI_01533_+_+_LBMBDNAI_01534_+_+_CO_F_+_+_R,70,424,518,0.834905660377358,0.818532818532819
*group_9619_+_+_group_9618_+_+_Cluster_3112_+_+_Cluster_4604_aligned,SRR1181552_+_+_IHDCBPPN_03926_+_+_IHDCBPPN_03927_+_+_CO_F,2078_+_+_FAHHEDAO_00330_+_+_FAHHEDAO_00331_+_+_CO_F,48,400,546,0.88,0.732600732600733
*group_9619_+_+_group_9618_+_+_Cluster_3112_+_+_Cluster_6595_aligned,SRR1181552_+_+_IHDCBPPN_03926_+_+_IHDCBPPN_03927_+_+_CO_F,SRR10186409_+_+_IKIFKKMB_02955_+_+_IKIFKKMB_02956_+_+_CO_R_+_+_R,75,312,546,0.759615384615385,0.571428571428571
*group_9619_+_+_group_9618_+_+_Cluster_4604_+_+_Cluster_6595_aligned,2078_+_+_FAHHEDAO_00330_+_+_FAHHEDAO_00331_+_+_CO_F,SRR10186409_+_+_IKIFKKMB_02955_+_+_IKIFKKMB_02956_+_+_CO_R_+_+_R,29,334,422,0.913173652694611,0.791469194312796
*group_3160_+_+_*group_6602_+_+_Cluster_19290_+_+_Cluster_5666_aligned,DRR103167_+_+_FIKPHPMP_00559_+_+_FIKPHPMP_00560_+_+_DP,ERR2205972_+_+_NOBPPFIB_01649_+_+_NOBPPFIB_01650_+_+_DP_+_+_R,2,80,371,0.975,0.215633423180593
*group_3160_+_+_*group_6602_+_+_Cluster_5663_+_+_Cluster_5666_aligned,32068_+_+_BNPHIHJI_00409_+_+_BNPHIHJI_00410_+_+_DP,ERR2205972_+_+_NOBPPFIB_01649_+_+_NOBPPFIB_01650_+_+_DP,47,371,371,0.873315363881402,1
*group_2276_+_+_group_18901_+_+_Cluster_3868_+_+_Cluster_5875_aligned,SRR9301016_+_+_CNOFHLLJ_00308_+_+_CNOFHLLJ_00309_+_+_DT,ERR1656402_+_+_CAOBMANJ_03431_+_+_CAOBMANJ_03432_+_+_CO_R_+_+_R,28,338,492,0.917159763313609,0.686991869918699
*lutA_1_+_+_rclR_+_+_Cluster_3042_+_+_Cluster_4004_aligned,SRR2970284_+_+_AFIBLAHG_00533_+_+_AFIBLAHG_00534_+_+_CO_R,DRR103028_+_+_JPAEHKML_02038_+_+_JPAEHKML_02039_+_+_CO_F_+_+_R,20,451,536,0.955654101995565,0.841417910447761
*group_4255_+_+_group_10578_+_+_Cluster_4067_+_+_Cluster_5236_aligned,SRR785679_+_+_BEFGBELO_03996_+_+_BEFGBELO_03997_+_+_CO_F,ESBL_Ecoli_2.64_+_+_JJPKJHGA_04141_+_+_JJPKJHGA_04142_+_+_CO_R_+_+_R,18,391,454,0.953964194373402,0.861233480176211
*group_6165_+_+_group_3051_+_+_Cluster_21273_+_+_Cluster_21543_aligned,1541m1_+_+_BGBNFDKG_01187_+_+_BGBNFDKG_01188_+_+_CO_R,DRR103028_+_+_JPAEHKML_04548_+_+_JPAEHKML_04549_+_+_CO_R,7,58,60,0.879310344827586,0.966666666666667
*group_14485_+_+_group_7410_+_+_Cluster_10862_+_+_Cluster_9740_aligned,SRR10139813_+_+_MGFOCNHF_02949_+_+_MGFOCNHF_02950_+_+_CO_F,SRR10107308_+_+_GGJEGIDI_05134_+_+_GGJEGIDI_05135_+_+_CO_F,0,210,239,1,0.878661087866109
*group_12840_+_+_*group_7053_+_+_Cluster_11613_+_+_Cluster_11625_aligned,DRR103054_+_+_BHKMDPPG_03808_+_+_BHKMDPPG_03809_+_+_DP,ERR3333606_+_+_MJMMFENO_00094_+_+_MJMMFENO_00095_+_+_DP,26,194,194,0.865979381443299,1
*torI_+_+_group_2969_+_+_Cluster_14966_+_+_Cluster_15830_aligned,SRR1301202_+_+_OLNLCHIO_04674_+_+_OLNLCHIO_04675_+_+_CO_R,ERR3330144_+_+_FIGIEJHI_00151_+_+_FIGIEJHI_00152_+_+_CO_R,6,121,135,0.950413223140496,0.896296296296296
*group_7251_+_+_group_7250_+_+_Cluster_10571_+_+_Cluster_10611_aligned,ERR1656402_+_+_CAOBMANJ_03636_+_+_CAOBMANJ_03637_+_+_CO_F,ERR3328477_+_+_EAEODNEF_01714_+_+_EAEODNEF_01715_+_+_CO_R_+_+_R,34,216,217,0.842592592592593,0.995391705069124
*group_1503_+_+_group_5031_+_+_Cluster_18924_+_+_Cluster_19823_aligned,SRR3136837_+_+_MGLDLJCF_01793_+_+_MGLDLJCF_01794_+_+_CO_R,SRR3987979_+_+_GNLJFGFB_01550_+_+_GNLJFGFB_01551_+_+_CO_R,7,66,93,0.893939393939394,0.709677419354839
*group_10627_+_+_*group_6415_+_+_Cluster_2197_+_+_Cluster_2307_aligned,SRR6876312_+_+_GFECFGGG_04620_+_+_GFECFGGG_04621_+_+_DP,9162ESCO_+_+_AEJJOOLL_03392_+_+_AEJJOOLL_03393_+_+_DP,72,574,613,0.874564459930314,0.936378466557912
*rhaD_+_+_rhaA_+_+_Cluster_12648_+_+_Cluster_19104_aligned,103764_+_+_IIKADEOC_03745_+_+_IIKADEOC_03746_+_+_CO_R,SRR10107308_+_+_GGJEGIDI_02706_+_+_GGJEGIDI_02707_+_+_CO_R,0,82,174,1,0.471264367816092
group_17867_+_+_group_7987_+_+_Cluster_10500_+_+_Cluster_11475_aligned,SRR10107308_+_+_GGJEGIDI_03707_+_+_GGJEGIDI_03708_+_+_DT,OT_ESBL_0359_+_+_EHDFIJFO_02331_+_+_EHDFIJFO_02332_+_+_DT_+_+_R,0,197,219,1,0.899543378995434
*group_7116_+_+_group_4653_+_+_Cluster_13916_+_+_Cluster_13974_aligned,DRR103151_+_+_NKDGIHIM_03855_+_+_NKDGIHIM_03856_+_+_CO_R,ERR1656403_+_+_CGMADDKM_05306_+_+_CGMADDKM_05307_+_+_CO_F_+_+_R,15,150,153,0.9,0.980392156862745
*group_4847_+_+_*rop_2_+_+_Cluster_8080_+_+_Cluster_8525_aligned,ERR3329258_+_+_CJDLBMHB_04602_+_+_CJDLBMHB_04603_+_+_DP,SRR8157249_+_+_GJLNDKDD_05014_+_+_GJLNDKDD_05015_+_+_DP_+_+_R,18,272,285,0.933823529411765,0.954385964912281
*otnC_+_+_otnK_+_+_Cluster_16295_+_+_Cluster_18285_aligned,SRR2970231_+_+_FCIFOBHP_00439_+_+_FCIFOBHP_00440_+_+_CO_F,SRR4301122_+_+_OGIKGAJA_01714_+_+_OGIKGAJA_01715_+_+_CO_R,0,0,206,0,0
*otnC_+_+_otnK_+_+_Cluster_16295_+_+_Cluster_9154_aligned,SRR2970231_+_+_FCIFOBHP_00439_+_+_FCIFOBHP_00440_+_+_CO_F,CE145N_+_+_CKAHODOP_03802_+_+_CKAHODOP_03803_+_+_CO_R,0,0,369,0,0
*group_8207_+_+_group_492_+_+_Cluster_14354_+_+_Cluster_14441_aligned,SRR10420697_+_+_MLDFHGHH_00690_+_+_MLDFHGHH_00691_+_+_CO_R,SRR6219924_+_+_ODIAIDMK_01160_+_+_ODIAIDMK_01161_+_+_CO_R,22,144,145,0.847222222222222,0.993103448275862
*group_3461_+_+_group_1503_+_+_Cluster_14107_+_+_Cluster_3635_aligned,SRR3136837_+_+_MGLDLJCF_01792_+_+_MGLDLJCF_01793_+_+_CO_R,SRR7896464_+_+_MDBMIANO_00313_+_+_MDBMIANO_00314_+_+_CO_F_+_+_R,22,147,486,0.850340136054422,0.302469135802469
*group_3461_+_+_group_1503_+_+_Cluster_14107_+_+_Cluster_7236_aligned,SRR3136837_+_+_MGLDLJCF_01792_+_+_MGLDLJCF_01793_+_+_CO_R,SRR10502058_+_+_OLBLAGHD_01104_+_+_OLBLAGHD_01105_+_+_CO_F_+_+_R,4,146,315,0.972602739726027,0.463492063492064
*group_3461_+_+_group_1503_+_+_Cluster_3635_+_+_Cluster_7236_aligned,SRR7896464_+_+_MDBMIANO_00313_+_+_MDBMIANO_00314_+_+_CO_F,SRR10502058_+_+_OLBLAGHD_01104_+_+_OLBLAGHD_01105_+_+_CO_F,26,311,485,0.916398713826367,0.641237113402062
group_10428_+_+_group_1853_+_+_Cluster_11731_+_+_Cluster_9999_aligned,Liv89_+_+_EGJGBHGJ_04559_+_+_EGJGBHGJ_04560_+_+_DT,ERR1512396_+_+_GJOLJNJG_03554_+_+_GJOLJNJG_03555_+_+_DT_+_+_R,0,192,232,1,0.827586206896552
*group_12585_+_+_dgcE_3_+_+_Cluster_2549_+_+_Cluster_2561_aligned,SRR6438329_+_+_CIELOKFD_03080_+_+_CIELOKFD_03081_+_+_CO_F,SRR8996713_+_+_BOEHBIDH_02627_+_+_BOEHBIDH_02628_+_+_CO_R_+_+_R,73,568,569,0.871478873239437,0.998242530755712
*group_25170_+_+_group_4317_+_+_Cluster_7005_+_+_Cluster_7223_aligned,CE701N_+_+_CJBJAEPD_03815_+_+_CJBJAEPD_03816_+_+_CO_R,28137_+_+_GIELEHDJ_02680_+_+_GIELEHDJ_02681_+_+_CO_R,27,307,324,0.912052117263844,0.947530864197531
bglA_1_+_+_gcvP_+_+_Cluster_13188_+_+_Cluster_13336_aligned,SRR3972555_+_+_JIHMFOFG_02333_+_+_JIHMFOFG_02334_+_+_DT,SRR7828700_+_+_NAHMKJLP_01156_+_+_NAHMKJLP_01157_+_+_DT,21,163,165,0.871165644171779,0.987878787878788
*group_5990_+_+_*group_9461_+_+_Cluster_16737_+_+_Cluster_17223_aligned,SRR3972131_+_+_NPHEMCFM_02456_+_+_NPHEMCFM_02457_+_+_DP,ERR3333607_+_+_JNNAADOA_03295_+_+_JNNAADOA_03296_+_+_DP,4,103,109,0.961165048543689,0.944954128440367
*group_11413_+_+_*group_6641_+_+_Cluster_10349_+_+_Cluster_10393_aligned,32153_+_+_AOEHAGJG_04105_+_+_AOEHAGJG_04106_+_+_DP,SRR10357563_+_+_DELJFPMO_04277_+_+_DELJFPMO_04278_+_+_DP_+_+_R,22,222,223,0.900900900900901,0.995515695067265
group_14880_+_+_group_9884_+_+_Cluster_22272_+_+_Cluster_22341_aligned,1541m1_+_+_BGBNFDKG_04498_+_+_BGBNFDKG_04499_+_+_DT,SRR5943573_+_+_BGJLIKKK_01804_+_+_BGJLIKKK_01805_+_+_DT,5,41,63,0.878048780487805,0.650793650793651
*group_3177_+_+_group_11915_+_+_Cluster_243_+_+_Cluster_6087_aligned,ERR1512396_+_+_GJOLJNJG_03528_+_+_GJOLJNJG_03529_+_+_CO_R,Liv89_+_+_EGJGBHGJ_03923_+_+_EGJGBHGJ_03924_+_+_CO_F_+_+_R,0,354,931,1,0.380236305048335
*group_14046_+_+_group_7305_+_+_Cluster_19389_+_+_Cluster_20193_aligned,ERR1656403_+_+_CGMADDKM_05126_+_+_CGMADDKM_05127_+_+_CO_F,SRR10040058_+_+_LLLCOCKP_04441_+_+_LLLCOCKP_04442_+_+_CO_R_+_+_R,16,71,79,0.774647887323944,0.89873417721519
*group_10561_+_+_group_11069_+_+_Cluster_12163_+_+_Cluster_9005_aligned,ESBL20160204_+_+_MNNEIFIC_03279_+_+_MNNEIFIC_03280_+_+_CO_R,SRR8699412_+_+_GJANNCJB_04085_+_+_GJANNCJB_04086_+_+_CO_F_+_+_R,2,184,259,0.989130434782609,0.71042471042471
*yciI_+_+_group_11259_+_+_Cluster_2199_+_+_Cluster_2233_aligned,SRR8313106_+_+_BOADAFPA_02089_+_+_BOADAFPA_02090_+_+_CO_F,SafeFoodERA_ESBL_097_+_+_GDHMIJMK_03994_+_+_GDHMIJMK_03995_+_+_CO_F,40,572,623,0.93006993006993,0.918138041733547
*group_12202_+_+_group_12203_+_+_Cluster_22495_+_+_Cluster_22557_aligned,SRR7940182_+_+_IFFDNKIP_01679_+_+_IFFDNKIP_01680_+_+_CO_F,CFL3ctx_+_+_LJFDHKLG_00960_+_+_LJFDHKLG_00961_+_+_CO_R_+_+_R,8,50,51,0.84,0.980392156862745
*group_11971_+_+_group_11972_+_+_Cluster_3268_+_+_Cluster_3613_aligned,SRR8397548_+_+_EJEGNADI_00687_+_+_EJEGNADI_00688_+_+_CO_F,AD741_+_+_PMDLAEHL_03881_+_+_PMDLAEHL_03882_+_+_CO_R_+_+_R,34,480,517,0.929166666666667,0.928433268858801
*group_20318_+_+_*group_20319_+_+_Cluster_17524_+_+_Cluster_17668_aligned,103764_+_+_IIKADEOC_00857_+_+_IIKADEOC_00858_+_+_DP,SRR3931199_+_+_DDGOMHLO_00937_+_+_DDGOMHLO_00938_+_+_DP_+_+_R,10,98,99,0.897959183673469,0.98989898989899
*group_2788_+_+_yceD_4_+_+_Cluster_4471_+_+_Cluster_4479_aligned,SRR6231923_+_+_GHOBJPEG_04451_+_+_GHOBJPEG_04452_+_+_CO_F,RE15_+_+_MBOAMLJJ_01301_+_+_MBOAMLJJ_01302_+_+_CO_F,67,426,433,0.842723004694836,0.983833718244804
*hldD_+_+_*kbl_+_+_Cluster_10719_+_+_Cluster_7992_aligned,103764_+_+_IIKADEOC_04118_+_+_IIKADEOC_04119_+_+_DP,SRR6438327_+_+_EILNONOJ_04161_+_+_EILNONOJ_04162_+_+_DP,0,213,288,1,0.739583333333333
*group_4090_+_+_group_13599_+_+_Cluster_18967_+_+_Cluster_19686_aligned,12zCTX_+_+_OFDJONBG_03649_+_+_OFDJONBG_03650_+_+_CO_F,ERR1656389_+_+_HKMHIFAI_01853_+_+_HKMHIFAI_01854_+_+_CO_F,11,75,84,0.853333333333333,0.892857142857143
*group_16638_+_+_group_7814_+_+_Cluster_21241_+_+_Cluster_21436_aligned,SRR7084884_+_+_HGIFGEHB_04213_+_+_HGIFGEHB_04214_+_+_CO_R,ERR3333606_+_+_MJMMFENO_01547_+_+_MJMMFENO_01548_+_+_CO_F_+_+_R,11,59,61,0.813559322033898,0.967213114754098
*zinT_+_+_msrQ_+_+_Cluster_9022_+_+_Cluster_9072_aligned,SRR1314369_+_+_NFPPHDGD_01742_+_+_NFPPHDGD_01743_+_+_CO_R,103764_+_+_IIKADEOC_04325_+_+_IIKADEOC_04326_+_+_CO_F_+_+_R,24,256,258,0.90625,0.992248062015504
*group_2207_+_+_cedA_+_+_Cluster_5462_+_+_Cluster_7586_aligned,SRR5890288_+_+_JEEOIKKH_01101_+_+_JEEOIKKH_01102_+_+_CO_F,SRR5330816_+_+_LFGCHKKL_03964_+_+_LFGCHKKL_03965_+_+_CO_R_+_+_R,0,301,380,1,0.792105263157895
*group_4267_+_+_group_6391_+_+_Cluster_20468_+_+_Cluster_20520_aligned,2078_+_+_FAHHEDAO_00788_+_+_FAHHEDAO_00789_+_+_CO_R,SRR6438329_+_+_CIELOKFD_04322_+_+_CIELOKFD_04323_+_+_CO_F_+_+_R,7,68,68,0.897058823529412,1
*umuD_4_+_+_pemK_+_+_Cluster_18166_+_+_Cluster_6369_aligned,ERR2124232_+_+_CLMIHDJP_04426_+_+_CLMIHDJP_04427_+_+_CO_R,SRR9734567_+_+_OBDPFCID_03074_+_+_OBDPFCID_03075_+_+_CO_R,8,92,344,0.91304347826087,0.267441860465116
*group_4214_+_+_group_10258_+_+_Cluster_17319_+_+_Cluster_17465_aligned,SRR10420697_+_+_MLDFHGHH_04001_+_+_MLDFHGHH_04002_+_+_CO_F,1824H_+_+_PHHNAOPK_03844_+_+_PHHNAOPK_03845_+_+_CO_F,19,100,102,0.81,0.980392156862745
*group_2787_+_+_*yceD_2_+_+_Cluster_6893_+_+_Cluster_6960_aligned,SRR3987534_+_+_OGIJGPJI_03432_+_+_OGIJGPJI_03433_+_+_DP,SRR3989506_+_+_FJFPKOLI_01463_+_+_FJFPKOLI_01464_+_+_DP_+_+_R,34,321,323,0.894080996884735,0.993808049535604
*group_2787_+_+_*yceD_2_+_+_Cluster_6893_+_+_Cluster_6981_aligned,SRR3987534_+_+_OGIJGPJI_03432_+_+_OGIJGPJI_03433_+_+_DP,SRR10040058_+_+_LLLCOCKP_04417_+_+_LLLCOCKP_04418_+_+_DP,36,320,323,0.8875,0.990712074303406
*group_2787_+_+_*yceD_2_+_+_Cluster_6960_+_+_Cluster_6981_aligned,SRR3989506_+_+_FJFPKOLI_01463_+_+_FJFPKOLI_01464_+_+_DP,SRR10040058_+_+_LLLCOCKP_04417_+_+_LLLCOCKP_04418_+_+_DP_+_+_R,43,319,322,0.865203761755486,0.990683229813665
*group_4802_+_+_group_1806_+_+_Cluster_12063_+_+_Cluster_17605_aligned,ERR2987523_+_+_IFFCKNLP_04053_+_+_IFFCKNLP_04054_+_+_CO_R,SRR8095707_+_+_PHCIIIOI_04601_+_+_PHCIIIOI_04602_+_+_CO_R,11,99,186,0.888888888888889,0.532258064516129
*group_10121_+_+_*group_6250_+_+_Cluster_8604_+_+_Cluster_8993_aligned,2063_+_+_NCAGIGBJ_04289_+_+_NCAGIGBJ_04290_+_+_DP,SRR2970284_+_+_AFIBLAHG_02613_+_+_AFIBLAHG_02614_+_+_DP,37,258,270,0.856589147286822,0.955555555555556
*parM_+_+_group_9360_+_+_Cluster_4709_+_+_Cluster_4753_aligned,SRR10434797_+_+_CECNELOO_03102_+_+_CECNELOO_03103_+_+_CO_R,DRR102992_+_+_IMLHJOAB_03758_+_+_IMLHJOAB_03759_+_+_CO_R,40,413,418,0.903147699757869,0.988038277511962
*group_4221_+_+_*group_6442_+_+_Cluster_4491_+_+_Cluster_4519_aligned,2203_+_+_NFODHAKK_02249_+_+_NFODHAKK_02250_+_+_DP,HP150_+_+_HDOPFBKA_01875_+_+_HDOPFBKA_01876_+_+_DP_+_+_R,54,425,430,0.872941176470588,0.988372093023256
*group_1162_+_+_virB_+_+_Cluster_8709_+_+_Cluster_8786_aligned,28137_+_+_GIELEHDJ_03608_+_+_GIELEHDJ_03609_+_+_CO_R,1541m1_+_+_BGBNFDKG_03243_+_+_BGBNFDKG_03244_+_+_CO_F_+_+_R,36,264,266,0.863636363636364,0.992481203007519
*group_2329_+_+_group_6023_+_+_Cluster_22534_+_+_Cluster_22570_aligned,12zCTX_+_+_OFDJONBG_04381_+_+_OFDJONBG_04382_+_+_CO_R,ERR1656410_+_+_HBIIEELM_03050_+_+_HBIIEELM_03051_+_+_CO_R,15,50,50,0.7,1
*papH_+_+_papA_+_+_Cluster_14083_+_+_Cluster_20353_aligned,111396_+_+_MNCECGFI_04650_+_+_MNCECGFI_04651_+_+_CO_F,32153_+_+_AOEHAGJG_04671_+_+_AOEHAGJG_04672_+_+_CO_R,0,0,218,0,0
*papH_+_+_papA_+_+_Cluster_20353_+_+_Cluster_21074_aligned,32153_+_+_AOEHAGJG_04671_+_+_AOEHAGJG_04672_+_+_CO_R,142661_+_+_FALKLPJN_04638_+_+_FALKLPJN_04639_+_+_CO_R,0,0,131,0,0
*group_3323_+_+_group_18188_+_+_Cluster_7691_+_+_Cluster_7951_aligned,ERR1656403_+_+_CGMADDKM_05268_+_+_CGMADDKM_05269_+_+_CO_R,SRR10040058_+_+_LLLCOCKP_04795_+_+_LLLCOCKP_04796_+_+_CO_F_+_+_R,28,288,298,0.902777777777778,0.966442953020134
*group_3086_+_+_group_4260_+_+_Cluster_11803_+_+_Cluster_14934_aligned,SRR10298226_+_+_PAFMNJLH_04126_+_+_PAFMNJLH_04127_+_+_CO_R,CE701N_+_+_CJBJAEPD_04102_+_+_CJBJAEPD_04103_+_+_CO_F_+_+_R,19,134,192,0.858208955223881,0.697916666666667
*group_3086_+_+_group_4260_+_+_Cluster_11803_+_+_Cluster_14956_aligned,SRR10298226_+_+_PAFMNJLH_04126_+_+_PAFMNJLH_04127_+_+_CO_R,IMT18614_+_+_AJLPNFLA_04306_+_+_AJLPNFLA_04307_+_+_CO_F_+_+_R,21,134,192,0.843283582089552,0.697916666666667
*group_3086_+_+_group_4260_+_+_Cluster_11803_+_+_Cluster_15010_aligned,SRR10298226_+_+_PAFMNJLH_04126_+_+_PAFMNJLH_04127_+_+_CO_R,30372_+_+_DJDDELHJ_04311_+_+_DJDDELHJ_04312_+_+_CO_F_+_+_R,0,134,191,1,0.701570680628272
*group_3086_+_+_group_4260_+_+_Cluster_14934_+_+_Cluster_14956_aligned,CE701N_+_+_CJBJAEPD_04102_+_+_CJBJAEPD_04103_+_+_CO_F,IMT18614_+_+_AJLPNFLA_04306_+_+_AJLPNFLA_04307_+_+_CO_F,19,135,135,0.859259259259259,1
*group_3086_+_+_group_4260_+_+_Cluster_14934_+_+_Cluster_15010_aligned,CE701N_+_+_CJBJAEPD_04102_+_+_CJBJAEPD_04103_+_+_CO_F,30372_+_+_DJDDELHJ_04311_+_+_DJDDELHJ_04312_+_+_CO_F,19,134,135,0.858208955223881,0.992592592592593
*group_3086_+_+_group_4260_+_+_Cluster_14956_+_+_Cluster_15010_aligned,IMT18614_+_+_AJLPNFLA_04306_+_+_AJLPNFLA_04307_+_+_CO_F,30372_+_+_DJDDELHJ_04311_+_+_DJDDELHJ_04312_+_+_CO_F,21,134,135,0.843283582089552,0.992592592592593
*nrdG_+_+_nrdD_+_+_Cluster_11933_+_+_Cluster_12174_aligned,SRR9029559_+_+_OHEAGJKL_00489_+_+_OHEAGJKL_00490_+_+_CO_R,SRR6441144_+_+_ELEEIPLJ_00165_+_+_ELEEIPLJ_00166_+_+_CO_F,0,0,373,0,0
*nrdG_+_+_nrdD_+_+_Cluster_11933_+_+_Cluster_13509_aligned,SRR9029559_+_+_OHEAGJKL_00489_+_+_OHEAGJKL_00490_+_+_CO_R,32068_+_+_BNPHIHJI_03988_+_+_BNPHIHJI_03989_+_+_CO_R,5,150,198,0.966666666666667,0.757575757575758
*nrdG_+_+_nrdD_+_+_Cluster_12174_+_+_Cluster_13509_aligned,SRR6441144_+_+_ELEEIPLJ_00165_+_+_ELEEIPLJ_00166_+_+_CO_F,32068_+_+_BNPHIHJI_03988_+_+_BNPHIHJI_03989_+_+_CO_R,0,0,343,0,0
*group_6618_+_+_group_6619_+_+_Cluster_15001_+_+_Cluster_7692_aligned,103764_+_+_IIKADEOC_03948_+_+_IIKADEOC_03949_+_+_CO_F,ERR2019113_+_+_EGDIKHMA_04521_+_+_EGDIKHMA_04522_+_+_CO_F,4,134,297,0.970149253731343,0.451178451178451
group_4842_+_+_group_4979_+_+_Cluster_7083_+_+_Cluster_7952_aligned,SRR10107308_+_+_GGJEGIDI_04554_+_+_GGJEGIDI_04555_+_+_DT,SRR10357563_+_+_DELJFPMO_04166_+_+_DELJFPMO_04167_+_+_DT_+_+_R,19,284,322,0.933098591549296,0.881987577639752
group_20370_+_+_group_8329_+_+_Cluster_6710_+_+_Cluster_6763_aligned,SRR3951497_+_+_DEKCFHGI_04440_+_+_DEKCFHGI_04441_+_+_DT,SRR8095905_+_+_AEKGIKHF_04111_+_+_AEKGIKHF_04112_+_+_DT,55,327,331,0.831804281345566,0.987915407854985
*group_7584_+_+_group_7583_+_+_Cluster_17717_+_+_Cluster_17721_aligned,ERR2987536_+_+_DFAAHFNO_04638_+_+_DFAAHFNO_04639_+_+_CO_F,ERR3333606_+_+_MJMMFENO_04069_+_+_MJMMFENO_04070_+_+_CO_R_+_+_R,7,94,100,0.925531914893617,0.94
*group_14482_+_+_group_16412_+_+_Cluster_10193_+_+_Cluster_11624_aligned,ERR3333582_+_+_FDGCAFAJ_04889_+_+_FDGCAFAJ_04890_+_+_CO_R,ERR3333512_+_+_JCJIKPEJ_00388_+_+_JCJIKPEJ_00389_+_+_CO_F_+_+_R,1,194,227,0.994845360824742,0.854625550660793
group_19772_+_+_group_6117_+_+_Cluster_5488_+_+_Cluster_5861_aligned,ERR3328879_+_+_LFBJNMGM_02467_+_+_LFBJNMGM_02468_+_+_DT,SRR2970205_+_+_FLOKPJNL_00779_+_+_FLOKPJNL_00780_+_+_DT_+_+_R,45,346,396,0.869942196531792,0.873737373737374
*chpS_+_+_ytfP_+_+_Cluster_10736_+_+_Cluster_10812_aligned,SRR10040058_+_+_LLLCOCKP_01564_+_+_LLLCOCKP_01565_+_+_CO_R,32068_+_+_BNPHIHJI_03975_+_+_BNPHIHJI_03976_+_+_CO_F_+_+_R,21,211,213,0.900473933649289,0.990610328638498
*group_6066_+_+_group_11551_+_+_Cluster_17769_+_+_Cluster_17977_aligned,12zCTX_+_+_OFDJONBG_05040_+_+_OFDJONBG_05041_+_+_CO_R,ERR2987536_+_+_DFAAHFNO_04789_+_+_DFAAHFNO_04790_+_+_CO_R,9,94,96,0.904255319148936,0.979166666666667
*group_3347_+_+_dnaE_1_+_+_Cluster_15478_+_+_Cluster_15575_aligned,SRR9823032_+_+_GHKDIEMJ_04477_+_+_GHKDIEMJ_04478_+_+_CO_F,ERR2987523_+_+_IFFCKNLP_02622_+_+_IFFCKNLP_02623_+_+_CO_F,17,125,127,0.864,0.984251968503937
*group_4086_+_+_group_9678_+_+_Cluster_20341_+_+_Cluster_20442_aligned,12zCTX_+_+_OFDJONBG_03570_+_+_OFDJONBG_03571_+_+_CO_R,SRR8868852_+_+_IOJABGLP_02100_+_+_IOJABGLP_02101_+_+_CO_R,7,69,69,0.898550724637681,1
group_11608_+_+_group_6679_+_+_Cluster_1166_+_+_Cluster_1435_aligned,ERR1656389_+_+_HKMHIFAI_04731_+_+_HKMHIFAI_04732_+_+_DT,3523_+_+_IKKKJEIB_04648_+_+_IKKKJEIB_04649_+_+_DT_+_+_R,1,687,727,0.998544395924309,0.944979367262723
*group_6780_+_+_group_4493_+_+_Cluster_2307_+_+_Cluster_3623_aligned,9162ESCO_+_+_AEJJOOLL_03392_+_+_AEJJOOLL_03393_+_+_DP,SRR6930653_+_+_NMKJFNGF_04083_+_+_NMKJFNGF_04084_+_+_CO_F,104,482,591,0.784232365145228,0.815566835871404
*group_15031_+_+_group_15032_+_+_Cluster_15944_+_+_Cluster_16005_aligned,SRR7940165_+_+_CPAOOGKE_05613_+_+_CPAOOGKE_05614_+_+_CO_F,SRR5470823_+_+_CBMCGHGJ_04247_+_+_CBMCGHGJ_04248_+_+_CO_F,12,118,121,0.898305084745763,0.975206611570248
ettA_+_+_nadR_+_+_Cluster_11868_+_+_Cluster_7405_aligned,SRR7693678_+_+_DBAINPDD_00697_+_+_DBAINPDD_00698_+_+_DT,103764_+_+_IIKADEOC_01699_+_+_IIKADEOC_01700_+_+_DT,0,190,306,1,0.620915032679739
*cfa_+_+_ydhC_+_+_Cluster_10089_+_+_Cluster_7891_aligned,Vlees_ESBL_2012_133_+_+_JJHNFPIP_00479_+_+_JJHNFPIP_00480_+_+_CO_R,103764_+_+_IIKADEOC_00371_+_+_IIKADEOC_00372_+_+_CO_R,3,230,290,0.98695652173913,0.793103448275862
*group_6840_+_+_group_17427_+_+_Cluster_13792_+_+_Cluster_14630_aligned,32153_+_+_AOEHAGJG_00540_+_+_AOEHAGJG_00541_+_+_CO_F,HPG79_+_+_KPMEIGJA_04737_+_+_KPMEIGJA_04738_+_+_CO_R_+_+_R,12,137,157,0.912408759124088,0.872611464968153
group_28435_+_+_group_511_+_+_Cluster_2570_+_+_Cluster_3587_aligned,SRR4301123_+_+_PPBHHDID_03928_+_+_PPBHHDID_03929_+_+_DT,DRR103054_+_+_BHKMDPPG_04393_+_+_BHKMDPPG_04394_+_+_DT,55,471,583,0.883227176220807,0.807890222984563
*group_5853_+_+_kdpE_+_+_Cluster_10112_+_+_Cluster_8441_aligned,SRR3931199_+_+_DDGOMHLO_02579_+_+_DDGOMHLO_02580_+_+_CO_R,103764_+_+_IIKADEOC_04789_+_+_IIKADEOC_04790_+_+_CO_R,0,229,274,1,0.835766423357664
*group_7784_+_+_group_4886_+_+_Cluster_4843_+_+_Cluster_4854_aligned,ERR3333582_+_+_FDGCAFAJ_04858_+_+_FDGCAFAJ_04859_+_+_CO_R,SRR8838540_+_+_AEICNJEC_01517_+_+_AEICNJEC_01518_+_+_CO_R,120,409,411,0.706601466992665,0.995133819951338
*group_6857_+_+_*papB_+_+_Cluster_3620_+_+_Cluster_4011_aligned,SRR3987644_+_+_COCOPHDM_04886_+_+_COCOPHDM_04887_+_+_DP,SRR3465476_+_+_DBEDBMIP_04333_+_+_DBEDBMIP_04334_+_+_DP,19,458,485,0.958515283842795,0.944329896907216
*ettA_+_+_*slt_+_+_Cluster_10841_+_+_Cluster_6573_aligned,103764_+_+_IIKADEOC_01698_+_+_IIKADEOC_01699_+_+_DP,SRR6238424_+_+_PJMFAFKJ_01610_+_+_PJMFAFKJ_01611_+_+_DP,8,210,335,0.961904761904762,0.626865671641791
*intQ_1_+_+_group_12904_+_+_Cluster_21552_+_+_Cluster_21943_aligned,ERR1656402_+_+_CAOBMANJ_05187_+_+_CAOBMANJ_05188_+_+_CO_R,ERR2987536_+_+_DFAAHFNO_04079_+_+_DFAAHFNO_04080_+_+_CO_F_+_+_R,7,55,58,0.872727272727273,0.948275862068966
*group_4921_+_+_group_4922_+_+_Cluster_10117_+_+_Cluster_10326_aligned,SRR6930653_+_+_NMKJFNGF_04062_+_+_NMKJFNGF_04063_+_+_CO_R,SRR7940165_+_+_CPAOOGKE_05152_+_+_CPAOOGKE_05153_+_+_CO_R,44,217,236,0.797235023041475,0.919491525423729
group_29281_+_+_group_5376_+_+_Cluster_19542_+_+_Cluster_21160_aligned,SRR9029559_+_+_OHEAGJKL_00471_+_+_OHEAGJKL_00472_+_+_DT,103764_+_+_IIKADEOC_01609_+_+_IIKADEOC_01610_+_+_DT,2,61,78,0.967213114754098,0.782051282051282
*group_4433_+_+_*group_6006_+_+_Cluster_15804_+_+_Cluster_15884_aligned,12zCTX_+_+_OFDJONBG_04109_+_+_OFDJONBG_04110_+_+_DP,32205_+_+_AIAPMDJK_03658_+_+_AIAPMDJK_03659_+_+_DP_+_+_R,14,120,121,0.883333333333333,0.991735537190083
*group_3911_+_+_group_4180_+_+_Cluster_12769_+_+_Cluster_13181_aligned,103764_+_+_IIKADEOC_03828_+_+_IIKADEOC_03829_+_+_CO_F,RE15_+_+_MBOAMLJJ_01448_+_+_MBOAMLJJ_01449_+_+_CO_R_+_+_R,13,165,172,0.921212121212121,0.959302325581395
*group_3177_+_+_*group_3178_+_+_Cluster_12703_+_+_Cluster_1591_aligned,SafeFoodERA_ESBL_045_+_+_NDNCEBPL_04007_+_+_NDNCEBPL_04008_+_+_DP,SRR6764213_+_+_ONBKDGGD_03240_+_+_ONBKDGGD_03241_+_+_DP,0,174,669,1,0.260089686098655
*group_3177_+_+_*group_3178_+_+_Cluster_12703_+_+_Cluster_1596_aligned,SafeFoodERA_ESBL_045_+_+_NDNCEBPL_04007_+_+_NDNCEBPL_04008_+_+_DP,SRR9875276_+_+_KJJPFFKE_02016_+_+_KJJPFFKE_02017_+_+_DP_+_+_R,0,174,669,1,0.260089686098655
*group_3177_+_+_*group_3178_+_+_Cluster_1591_+_+_Cluster_1596_aligned,SRR6764213_+_+_ONBKDGGD_03240_+_+_ONBKDGGD_03241_+_+_DP,SRR9875276_+_+_KJJPFFKE_02016_+_+_KJJPFFKE_02017_+_+_DP,36,585,753,0.938461538461538,0.776892430278884
*group_3266_+_+_group_4347_+_+_Cluster_3177_+_+_Cluster_3259_aligned,DRR103028_+_+_JPAEHKML_04492_+_+_JPAEHKML_04493_+_+_CO_R,DRR103038_+_+_CJDHNEII_04668_+_+_CJDHNEII_04669_+_+_CO_F_+_+_R,42,509,521,0.917485265225933,0.976967370441459
*dnaJ_2_+_+_group_10576_+_+_Cluster_1808_+_+_Cluster_599_aligned,CE701N_+_+_CJBJAEPD_04096_+_+_CJBJAEPD_04097_+_+_CO_R,SRR6724040_+_+_HBEOLHFJ_04533_+_+_HBEOLHFJ_04534_+_+_CO_F_+_+_R,81,572,904,0.858391608391608,0.632743362831858
*repB_1_+_+_group_807_+_+_Cluster_6556_+_+_Cluster_7172_aligned,12zCTX_+_+_OFDJONBG_04572_+_+_OFDJONBG_04573_+_+_CO_R,OT_ESBL_1040_+_+_FMPFLCAK_04425_+_+_FMPFLCAK_04426_+_+_CO_R,0,314,335,1,0.937313432835821
ruvB_+_+_znuB_+_+_Cluster_14263_+_+_Cluster_6437_aligned,103764_+_+_IIKADEOC_04069_+_+_IIKADEOC_04070_+_+_DT,1541m1_+_+_BGBNFDKG_00823_+_+_BGBNFDKG_00824_+_+_DT,3,146,340,0.979452054794521,0.429411764705882
ruvB_+_+_znuB_+_+_Cluster_14263_+_+_Cluster_9589_aligned,103764_+_+_IIKADEOC_04069_+_+_IIKADEOC_04070_+_+_DT,SRR6409915_+_+_KEJLNMGM_00193_+_+_KEJLNMGM_00194_+_+_DT,3,146,243,0.979452054794521,0.60082304526749
ruvB_+_+_znuB_+_+_Cluster_6437_+_+_Cluster_9589_aligned,1541m1_+_+_BGBNFDKG_00823_+_+_BGBNFDKG_00824_+_+_DT,SRR6409915_+_+_KEJLNMGM_00193_+_+_KEJLNMGM_00194_+_+_DT,13,243,340,0.946502057613169,0.714705882352941
*group_8002_+_+_group_3914_+_+_Cluster_16324_+_+_Cluster_16454_aligned,103764_+_+_IIKADEOC_03833_+_+_IIKADEOC_03834_+_+_CO_F,RE15_+_+_MBOAMLJJ_01443_+_+_MBOAMLJJ_01444_+_+_CO_R_+_+_R,18,113,114,0.84070796460177,0.991228070175439
*group_2276_+_+_group_15611_+_+_Cluster_14201_+_+_Cluster_14699_aligned,28137_+_+_GIELEHDJ_02814_+_+_GIELEHDJ_02815_+_+_CO_R,ERR3329001_+_+_GFDKILIG_00336_+_+_GFDKILIG_00337_+_+_CO_R,15,139,147,0.892086330935252,0.945578231292517
*group_25307_+_+_*group_25308_+_+_Cluster_7437_+_+_Cluster_8628_aligned,SRR8839655_+_+_AOOOBELP_05145_+_+_AOOOBELP_05146_+_+_DP,SRR7940165_+_+_CPAOOGKE_05283_+_+_CPAOOGKE_05284_+_+_DP_+_+_R,0,269,306,1,0.879084967320261
*group_2293_+_+_repB_1_+_+_Cluster_7835_+_+_Cluster_8873_aligned,12zCTX_+_+_OFDJONBG_04571_+_+_OFDJONBG_04572_+_+_CO_R,SRR5004156_+_+_KMEIKHDO_03631_+_+_KMEIKHDO_03632_+_+_CO_R,1,262,292,0.99618320610687,0.897260273972603
*group_9619_+_+_group_10896_+_+_Cluster_3112_+_+_Cluster_4381_aligned,SRR1181552_+_+_IHDCBPPN_03926_+_+_IHDCBPPN_03927_+_+_CO_F,DRR102992_+_+_IMLHJOAB_04600_+_+_IMLHJOAB_04601_+_+_CO_R_+_+_R,48,433,525,0.889145496535797,0.824761904761905
*aas_+_+_*galR_+_+_Cluster_2325_+_+_Cluster_5289_aligned,DRR103028_+_+_JPAEHKML_00190_+_+_JPAEHKML_00191_+_+_DP,CE145N_+_+_CKAHODOP_01484_+_+_CKAHODOP_01485_+_+_DP_+_+_R,0,388,586,1,0.662116040955631
*group_3460_+_+_group_2555_+_+_Cluster_11082_+_+_Cluster_16690_aligned,SRR10502058_+_+_OLBLAGHD_01102_+_+_OLBLAGHD_01103_+_+_CO_F,SRR8868852_+_+_IOJABGLP_03744_+_+_IOJABGLP_03745_+_+_CO_R_+_+_R,16,110,205,0.854545454545454,0.536585365853659
*group_6455_+_+_group_14470_+_+_Cluster_624_+_+_Cluster_731_aligned,ERR2987551_+_+_ONDKJPCD_04493_+_+_ONDKJPCD_04494_+_+_CO_F,ERR2205972_+_+_NOBPPFIB_04691_+_+_NOBPPFIB_04692_+_+_CO_R_+_+_R,2,807,831,0.997521685254027,0.971119133574007
*group_18939_+_+_group_5013_+_+_Cluster_17345_+_+_Cluster_18010_aligned,SRR7084525_+_+_OLFNIABL_00596_+_+_OLFNIABL_00597_+_+_CO_R,SRR8310809_+_+_NDFJDIDM_00505_+_+_NDFJDIDM_00506_+_+_CO_F_+_+_R,3,94,102,0.968085106382979,0.92156862745098
*group_7833_+_+_group_19228_+_+_Cluster_2530_+_+_Cluster_4236_aligned,SRR3987979_+_+_GNLJFGFB_04192_+_+_GNLJFGFB_04193_+_+_CO_R,SRR3993799_+_+_ALDFGAEI_04416_+_+_ALDFGAEI_04417_+_+_CO_R,37,443,570,0.91647855530474,0.77719298245614
*group_21789_+_+_group_17559_+_+_Cluster_18460_+_+_Cluster_18478_aligned,IBIS_25_+_+_BALKAOCF_04187_+_+_BALKAOCF_04188_+_+_CO_R,SRR4340433_+_+_ABAHDIEJ_04004_+_+_ABAHDIEJ_04005_+_+_CO_R,9,89,89,0.898876404494382,1
*group_4809_+_+_group_21700_+_+_Cluster_19182_+_+_Cluster_20210_aligned,ERR2987536_+_+_DFAAHFNO_03356_+_+_DFAAHFNO_03357_+_+_CO_F,SRR5890288_+_+_JEEOIKKH_00291_+_+_JEEOIKKH_00292_+_+_CO_F,2,71,81,0.971830985915493,0.876543209876543
*group_6550_+_+_group_2309_+_+_Cluster_7402_+_+_Cluster_8048_aligned,SRR9324322_+_+_KGKPLLJO_04456_+_+_KGKPLLJO_04457_+_+_CO_F,HP131_+_+_NPNLKGJE_04431_+_+_NPNLKGJE_04432_+_+_CO_F,1,286,307,0.996503496503496,0.931596091205212
cpxP_+_+_group_4086_+_+_Cluster_11922_+_+_Cluster_12051_aligned,SRR6764142_+_+_CKOIHJCA_02398_+_+_CKOIHJCA_02399_+_+_DT,142897_+_+_MNGGPBKB_02371_+_+_MNGGPBKB_02372_+_+_DT,37,186,189,0.801075268817204,0.984126984126984
*group_11861_+_+_group_11860_+_+_Cluster_15297_+_+_Cluster_15309_aligned,47711_+_+_OFDLECBK_00942_+_+_OFDLECBK_00943_+_+_CO_F,HP131_+_+_NPNLKGJE_03349_+_+_NPNLKGJE_03350_+_+_CO_R_+_+_R,13,129,129,0.89922480620155,1
